id,kode_provinsi,nama_provinsi,kode_kabupaten_kota,nama_kabupaten_kota,jenis_faskes,jumlah_faskes,satuan,tahun
1,32,JAWA BARAT,3201,KABUPATEN BOGOR,RUMAH SAKIT UMUM,9,UNIT,2018
2,32,JAWA BARAT,3201,KABUPATEN BOGOR,RUMAH SAKIT KHUSUS,0,UNIT,2018
3,32,JAWA BARAT,3201,KABUPATEN BOGOR,RUMAH SAKIT BERSALIN,0,UNIT,2018
4,32,JAWA BARAT,3201,KABUPATEN BOGOR,PUSKESMAS,62,UNIT,2018
5,32,JAWA BARAT,3201,KABUPATEN BOGOR,POSYANDU,4927,UNIT,2018
6,32,JAWA BARAT,3202,KABUPATEN SUKABUMI,RUMAH SAKIT UMUM,7,UNIT,2018
7,32,JAWA BARAT,3202,KABUPATEN SUKABUMI,RUMAH SAKIT KHUSUS,0,UNIT,2018
8,32,JAWA BARAT,3202,KABUPATEN SUKABUMI,RUMAH SAKIT BERSALIN,0,UNIT,2018
9,32,JAWA BARAT,3202,KABUPATEN SUKABUMI,PUSKESMAS,32,UNIT,2018
10,32,JAWA BARAT,3202,KABUPATEN SUKABUMI,POSYANDU,3551,UNIT,2018
11,32,JAWA BARAT,3203,KABUPATEN CIANJUR,RUMAH SAKIT UMUM,8,UNIT,2018
12,32,JAWA BARAT,3203,KABUPATEN CIANJUR,RUMAH SAKIT KHUSUS,3,UNIT,2018
13,32,JAWA BARAT,3203,KABUPATEN CIANJUR,RUMAH SAKIT BERSALIN,0,UNIT,2018
14,32,JAWA BARAT,3203,KABUPATEN CIANJUR,PUSKESMAS,44,UNIT,2018
15,32,JAWA BARAT,3203,KABUPATEN CIANJUR,POSYANDU,2903,UNIT,2018
16,32,JAWA BARAT,3204,KABUPATEN BANDUNG,RUMAH SAKIT UMUM,9,UNIT,2018
17,32,JAWA BARAT,3204,KABUPATEN BANDUNG,RUMAH SAKIT KHUSUS,2,UNIT,2018
18,32,JAWA BARAT,3204,KABUPATEN BANDUNG,RUMAH SAKIT BERSALIN,14,UNIT,2018
19,32,JAWA BARAT,3204,KABUPATEN BANDUNG,PUSKESMAS,101,UNIT,2018
20,32,JAWA BARAT,3204,KABUPATEN BANDUNG,POSYANDU,4294,UNIT,2018
21,32,JAWA BARAT,3205,KABUPATEN GARUT,RUMAH SAKIT UMUM,2,UNIT,2018
22,32,JAWA BARAT,3205,KABUPATEN GARUT,RUMAH SAKIT KHUSUS,2,UNIT,2018
23,32,JAWA BARAT,3205,KABUPATEN GARUT,RUMAH SAKIT BERSALIN,0,UNIT,2018
24,32,JAWA BARAT,3205,KABUPATEN GARUT,PUSKESMAS,37,UNIT,2018
25,32,JAWA BARAT,3205,KABUPATEN GARUT,POSYANDU,4104,UNIT,2018
26,32,JAWA BARAT,3206,KABUPATEN TASIKMALAYA,RUMAH SAKIT UMUM,6,UNIT,2018
27,32,JAWA BARAT,3206,KABUPATEN TASIKMALAYA,RUMAH SAKIT KHUSUS,1,UNIT,2018
28,32,JAWA BARAT,3206,KABUPATEN TASIKMALAYA,RUMAH SAKIT BERSALIN,0,UNIT,2018
29,32,JAWA BARAT,3206,KABUPATEN TASIKMALAYA,PUSKESMAS,45,UNIT,2018
30,32,JAWA BARAT,3206,KABUPATEN TASIKMALAYA,POSYANDU,2301,UNIT,2018
31,32,JAWA BARAT,3207,KABUPATEN CIAMIS,RUMAH SAKIT UMUM,7,UNIT,2018
32,32,JAWA BARAT,3207,KABUPATEN CIAMIS,RUMAH SAKIT KHUSUS,1,UNIT,2018
33,32,JAWA BARAT,3207,KABUPATEN CIAMIS,RUMAH SAKIT BERSALIN,0,UNIT,2018
34,32,JAWA BARAT,3207,KABUPATEN CIAMIS,PUSKESMAS,60,UNIT,2018
35,32,JAWA BARAT,3207,KABUPATEN CIAMIS,POSYANDU,1601,UNIT,2018
36,32,JAWA BARAT,3208,KABUPATEN KUNINGAN,RUMAH SAKIT UMUM,3,UNIT,2018
37,32,JAWA BARAT,3208,KABUPATEN KUNINGAN,RUMAH SAKIT KHUSUS,0,UNIT,2018
38,32,JAWA BARAT,3208,KABUPATEN KUNINGAN,RUMAH SAKIT BERSALIN,2,UNIT,2018
39,32,JAWA BARAT,3208,KABUPATEN KUNINGAN,PUSKESMAS,65,UNIT,2018
40,32,JAWA BARAT,3208,KABUPATEN KUNINGAN,POSYANDU,1424,UNIT,2018
41,32,JAWA BARAT,3209,KABUPATEN CIREBON,RUMAH SAKIT UMUM,8,UNIT,2018
42,32,JAWA BARAT,3209,KABUPATEN CIREBON,RUMAH SAKIT KHUSUS,0,UNIT,2018
43,32,JAWA BARAT,3209,KABUPATEN CIREBON,RUMAH SAKIT BERSALIN,0,UNIT,2018
44,32,JAWA BARAT,3209,KABUPATEN CIREBON,PUSKESMAS,49,UNIT,2018
45,32,JAWA BARAT,3209,KABUPATEN CIREBON,POSYANDU,2618,UNIT,2018
46,32,JAWA BARAT,3210,KABUPATEN MAJALENGKA,RUMAH SAKIT UMUM,21,UNIT,2018
47,32,JAWA BARAT,3210,KABUPATEN MAJALENGKA,RUMAH SAKIT KHUSUS,14,UNIT,2018
48,32,JAWA BARAT,3210,KABUPATEN MAJALENGKA,RUMAH SAKIT BERSALIN,0,UNIT,2018
49,32,JAWA BARAT,3210,KABUPATEN MAJALENGKA,PUSKESMAS,50,UNIT,2018
50,32,JAWA BARAT,3210,KABUPATEN MAJALENGKA,POSYANDU,1461,UNIT,2018
51,32,JAWA BARAT,3211,KABUPATEN SUMEDANG,RUMAH SAKIT UMUM,4,UNIT,2018
52,32,JAWA BARAT,3211,KABUPATEN SUMEDANG,RUMAH SAKIT KHUSUS,0,UNIT,2018
53,32,JAWA BARAT,3211,KABUPATEN SUMEDANG,RUMAH SAKIT BERSALIN,5,UNIT,2018
54,32,JAWA BARAT,3211,KABUPATEN SUMEDANG,PUSKESMAS,37,UNIT,2018
55,32,JAWA BARAT,3211,KABUPATEN SUMEDANG,POSYANDU,1649,UNIT,2018
56,32,JAWA BARAT,3212,KABUPATEN INDRAMAYU,RUMAH SAKIT UMUM,1,UNIT,2018
57,32,JAWA BARAT,3212,KABUPATEN INDRAMAYU,RUMAH SAKIT KHUSUS,1,UNIT,2018
58,32,JAWA BARAT,3212,KABUPATEN INDRAMAYU,RUMAH SAKIT BERSALIN,0,UNIT,2018
59,32,JAWA BARAT,3212,KABUPATEN INDRAMAYU,PUSKESMAS,32,UNIT,2018
60,32,JAWA BARAT,3212,KABUPATEN INDRAMAYU,POSYANDU,2335,UNIT,2018
61,32,JAWA BARAT,3213,KABUPATEN SUBANG,RUMAH SAKIT UMUM,6,UNIT,2018
62,32,JAWA BARAT,3213,KABUPATEN SUBANG,RUMAH SAKIT KHUSUS,6,UNIT,2018
63,32,JAWA BARAT,3213,KABUPATEN SUBANG,RUMAH SAKIT BERSALIN,0,UNIT,2018
64,32,JAWA BARAT,3213,KABUPATEN SUBANG,PUSKESMAS,15,UNIT,2018
65,32,JAWA BARAT,3213,KABUPATEN SUBANG,POSYANDU,1848,UNIT,2018
66,32,JAWA BARAT,3214,KABUPATEN PURWAKARTA,RUMAH SAKIT UMUM,6,UNIT,2018
67,32,JAWA BARAT,3214,KABUPATEN PURWAKARTA,RUMAH SAKIT KHUSUS,0,UNIT,2018
68,32,JAWA BARAT,3214,KABUPATEN PURWAKARTA,RUMAH SAKIT BERSALIN,0,UNIT,2018
69,32,JAWA BARAT,3214,KABUPATEN PURWAKARTA,PUSKESMAS,20,UNIT,2018
70,32,JAWA BARAT,3214,KABUPATEN PURWAKARTA,POSYANDU,1029,UNIT,2018
71,32,JAWA BARAT,3215,KABUPATEN KARAWANG,RUMAH SAKIT UMUM,3,UNIT,2018
72,32,JAWA BARAT,3215,KABUPATEN KARAWANG,RUMAH SAKIT KHUSUS,0,UNIT,2018
73,32,JAWA BARAT,3215,KABUPATEN KARAWANG,RUMAH SAKIT BERSALIN,0,UNIT,2018
74,32,JAWA BARAT,3215,KABUPATEN KARAWANG,PUSKESMAS,40,UNIT,2018
75,32,JAWA BARAT,3215,KABUPATEN KARAWANG,POSYANDU,2311,UNIT,2018
76,32,JAWA BARAT,3216,KABUPATEN BEKASI,RUMAH SAKIT UMUM,21,UNIT,2018
77,32,JAWA BARAT,3216,KABUPATEN BEKASI,RUMAH SAKIT KHUSUS,7,UNIT,2018
78,32,JAWA BARAT,3216,KABUPATEN BEKASI,RUMAH SAKIT BERSALIN,9,UNIT,2018
79,32,JAWA BARAT,3216,KABUPATEN BEKASI,PUSKESMAS,58,UNIT,2018
80,32,JAWA BARAT,3216,KABUPATEN BEKASI,POSYANDU,2640,UNIT,2018
81,32,JAWA BARAT,3217,KABUPATEN BANDUNG BARAT,RUMAH SAKIT UMUM,17,UNIT,2018
82,32,JAWA BARAT,3217,KABUPATEN BANDUNG BARAT,RUMAH SAKIT KHUSUS,3,UNIT,2018
83,32,JAWA BARAT,3217,KABUPATEN BANDUNG BARAT,RUMAH SAKIT BERSALIN,1,UNIT,2018
84,32,JAWA BARAT,3217,KABUPATEN BANDUNG BARAT,PUSKESMAS,32,UNIT,2018
85,32,JAWA BARAT,3217,KABUPATEN BANDUNG BARAT,POSYANDU,2339,UNIT,2018
86,32,JAWA BARAT,3218,KABUPATEN PANGANDARAN,RUMAH SAKIT UMUM,7,UNIT,2018
87,32,JAWA BARAT,3218,KABUPATEN PANGANDARAN,RUMAH SAKIT KHUSUS,0,UNIT,2018
88,32,JAWA BARAT,3218,KABUPATEN PANGANDARAN,RUMAH SAKIT BERSALIN,0,UNIT,2018
89,32,JAWA BARAT,3218,KABUPATEN PANGANDARAN,PUSKESMAS,40,UNIT,2018
90,32,JAWA BARAT,3218,KABUPATEN PANGANDARAN,POSYANDU,1578,UNIT,2018
91,32,JAWA BARAT,3271,KOTA BOGOR,RUMAH SAKIT UMUM,6,UNIT,2018
92,32,JAWA BARAT,3271,KOTA BOGOR,RUMAH SAKIT KHUSUS,0,UNIT,2018
93,32,JAWA BARAT,3271,KOTA BOGOR,RUMAH SAKIT BERSALIN,0,UNIT,2018
94,32,JAWA BARAT,3271,KOTA BOGOR,PUSKESMAS,73,UNIT,2018
95,32,JAWA BARAT,3271,KOTA BOGOR,POSYANDU,974,UNIT,2018
96,32,JAWA BARAT,3272,KOTA SUKABUMI,RUMAH SAKIT UMUM,4,UNIT,2018
97,32,JAWA BARAT,3272,KOTA SUKABUMI,RUMAH SAKIT KHUSUS,0,UNIT,2018
98,32,JAWA BARAT,3272,KOTA SUKABUMI,RUMAH SAKIT BERSALIN,0,UNIT,2018
99,32,JAWA BARAT,3272,KOTA SUKABUMI,PUSKESMAS,10,UNIT,2018
100,32,JAWA BARAT,3272,KOTA SUKABUMI,POSYANDU,453,UNIT,2018
101,32,JAWA BARAT,3273,KOTA BANDUNG,RUMAH SAKIT UMUM,18,UNIT,2018
102,32,JAWA BARAT,3273,KOTA BANDUNG,RUMAH SAKIT KHUSUS,5,UNIT,2018
103,32,JAWA BARAT,3273,KOTA BANDUNG,RUMAH SAKIT BERSALIN,0,UNIT,2018
104,32,JAWA BARAT,3273,KOTA BANDUNG,PUSKESMAS,39,UNIT,2018
105,32,JAWA BARAT,3273,KOTA BANDUNG,POSYANDU,1983,UNIT,2018
106,32,JAWA BARAT,3274,KOTA CIREBON,RUMAH SAKIT UMUM,8,UNIT,2018
107,32,JAWA BARAT,3274,KOTA CIREBON,RUMAH SAKIT KHUSUS,2,UNIT,2018
108,32,JAWA BARAT,3274,KOTA CIREBON,RUMAH SAKIT BERSALIN,0,UNIT,2018
109,32,JAWA BARAT,3274,KOTA CIREBON,PUSKESMAS,25,UNIT,2018
110,32,JAWA BARAT,3274,KOTA CIREBON,POSYANDU,331,UNIT,2018
111,32,JAWA BARAT,3275,KOTA BEKASI,RUMAH SAKIT UMUM,18,UNIT,2018
112,32,JAWA BARAT,3275,KOTA BEKASI,RUMAH SAKIT KHUSUS,3,UNIT,2018
113,32,JAWA BARAT,3275,KOTA BEKASI,RUMAH SAKIT BERSALIN,22,UNIT,2018
114,32,JAWA BARAT,3275,KOTA BEKASI,PUSKESMAS,13,UNIT,2018
115,32,JAWA BARAT,3275,KOTA BEKASI,POSYANDU,1593,UNIT,2018
116,32,JAWA BARAT,3276,KOTA DEPOK,RUMAH SAKIT UMUM,36,UNIT,2018
117,32,JAWA BARAT,3276,KOTA DEPOK,RUMAH SAKIT KHUSUS,5,UNIT,2018
118,32,JAWA BARAT,3276,KOTA DEPOK,RUMAH SAKIT BERSALIN,0,UNIT,2018
119,32,JAWA BARAT,3276,KOTA DEPOK,PUSKESMAS,22,UNIT,2018
120,32,JAWA BARAT,3276,KOTA DEPOK,POSYANDU,1024,UNIT,2018
121,32,JAWA BARAT,3277,KOTA CIMAHI,RUMAH SAKIT UMUM,39,UNIT,2018
122,32,JAWA BARAT,3277,KOTA CIMAHI,RUMAH SAKIT KHUSUS,6,UNIT,2018
123,32,JAWA BARAT,3277,KOTA CIMAHI,RUMAH SAKIT BERSALIN,3,UNIT,2018
124,32,JAWA BARAT,3277,KOTA CIMAHI,PUSKESMAS,32,UNIT,2018
125,32,JAWA BARAT,3277,KOTA CIMAHI,POSYANDU,403,UNIT,2018
126,32,JAWA BARAT,3278,KOTA TASIKMALAYA,RUMAH SAKIT UMUM,9,UNIT,2018
127,32,JAWA BARAT,3278,KOTA TASIKMALAYA,RUMAH SAKIT KHUSUS,1,UNIT,2018
128,32,JAWA BARAT,3278,KOTA TASIKMALAYA,RUMAH SAKIT BERSALIN,0,UNIT,2018
129,32,JAWA BARAT,3278,KOTA TASIKMALAYA,PUSKESMAS,15,UNIT,2018
130,32,JAWA BARAT,3278,KOTA TASIKMALAYA,POSYANDU,871,UNIT,2018
131,32,JAWA BARAT,3279,KOTA BANJAR,RUMAH SAKIT UMUM,0,UNIT,2018
132,32,JAWA BARAT,3279,KOTA BANJAR,RUMAH SAKIT KHUSUS,0,UNIT,2018
133,32,JAWA BARAT,3279,KOTA BANJAR,RUMAH SAKIT BERSALIN,6,UNIT,2018
134,32,JAWA BARAT,3279,KOTA BANJAR,PUSKESMAS,21,UNIT,2018
135,32,JAWA BARAT,3279,KOTA BANJAR,POSYANDU,199,UNIT,2018
136,32,JAWA BARAT,3201,KABUPATEN BOGOR,RUMAH SAKIT UMUM,23,UNIT,2019
137,32,JAWA BARAT,3201,KABUPATEN BOGOR,RUMAH SAKIT KHUSUS,6,UNIT,2019
138,32,JAWA BARAT,3201,KABUPATEN BOGOR,RUMAH SAKIT BERSALIN,0,UNIT,2019
139,32,JAWA BARAT,3201,KABUPATEN BOGOR,PUSKESMAS,101,UNIT,2019
140,32,JAWA BARAT,3201,KABUPATEN BOGOR,POSYANDU,0,UNIT,2019
141,32,JAWA BARAT,3202,KABUPATEN SUKABUMI,RUMAH SAKIT UMUM,7,UNIT,2019
142,32,JAWA BARAT,3202,KABUPATEN SUKABUMI,RUMAH SAKIT KHUSUS,0,UNIT,2019
143,32,JAWA BARAT,3202,KABUPATEN SUKABUMI,RUMAH SAKIT BERSALIN,0,UNIT,2019
144,32,JAWA BARAT,3202,KABUPATEN SUKABUMI,PUSKESMAS,58,UNIT,2019
145,32,JAWA BARAT,3202,KABUPATEN SUKABUMI,POSYANDU,0,UNIT,2019
146,32,JAWA BARAT,3203,KABUPATEN CIANJUR,RUMAH SAKIT UMUM,4,UNIT,2019
147,32,JAWA BARAT,3203,KABUPATEN CIANJUR,RUMAH SAKIT KHUSUS,0,UNIT,2019
148,32,JAWA BARAT,3203,KABUPATEN CIANJUR,RUMAH SAKIT BERSALIN,0,UNIT,2019
149,32,JAWA BARAT,3203,KABUPATEN CIANJUR,PUSKESMAS,45,UNIT,2019
150,32,JAWA BARAT,3203,KABUPATEN CIANJUR,POSYANDU,0,UNIT,2019
151,32,JAWA BARAT,3204,KABUPATEN BANDUNG,RUMAH SAKIT UMUM,8,UNIT,2019
152,32,JAWA BARAT,3204,KABUPATEN BANDUNG,RUMAH SAKIT KHUSUS,0,UNIT,2019
153,32,JAWA BARAT,3204,KABUPATEN BANDUNG,RUMAH SAKIT BERSALIN,0,UNIT,2019
154,32,JAWA BARAT,3204,KABUPATEN BANDUNG,PUSKESMAS,62,UNIT,2019
155,32,JAWA BARAT,3204,KABUPATEN BANDUNG,POSYANDU,0,UNIT,2019
156,32,JAWA BARAT,3205,KABUPATEN GARUT,RUMAH SAKIT UMUM,6,UNIT,2019
157,32,JAWA BARAT,3205,KABUPATEN GARUT,RUMAH SAKIT KHUSUS,0,UNIT,2019
158,32,JAWA BARAT,3205,KABUPATEN GARUT,RUMAH SAKIT BERSALIN,0,UNIT,2019
159,32,JAWA BARAT,3205,KABUPATEN GARUT,PUSKESMAS,67,UNIT,2019
160,32,JAWA BARAT,3205,KABUPATEN GARUT,POSYANDU,0,UNIT,2019
161,32,JAWA BARAT,3206,KABUPATEN TASIKMALAYA,RUMAH SAKIT UMUM,1,UNIT,2019
162,32,JAWA BARAT,3206,KABUPATEN TASIKMALAYA,RUMAH SAKIT KHUSUS,1,UNIT,2019
163,32,JAWA BARAT,3206,KABUPATEN TASIKMALAYA,RUMAH SAKIT BERSALIN,0,UNIT,2019
164,32,JAWA BARAT,3206,KABUPATEN TASIKMALAYA,PUSKESMAS,40,UNIT,2019
165,32,JAWA BARAT,3206,KABUPATEN TASIKMALAYA,POSYANDU,0,UNIT,2019
166,32,JAWA BARAT,3207,KABUPATEN CIAMIS,RUMAH SAKIT UMUM,4,UNIT,2019
167,32,JAWA BARAT,3207,KABUPATEN CIAMIS,RUMAH SAKIT KHUSUS,1,UNIT,2019
168,32,JAWA BARAT,3207,KABUPATEN CIAMIS,RUMAH SAKIT BERSALIN,0,UNIT,2019
169,32,JAWA BARAT,3207,KABUPATEN CIAMIS,PUSKESMAS,37,UNIT,2019
170,32,JAWA BARAT,3207,KABUPATEN CIAMIS,POSYANDU,0,UNIT,2019
171,32,JAWA BARAT,3208,KABUPATEN KUNINGAN,RUMAH SAKIT UMUM,10,UNIT,2019
172,32,JAWA BARAT,3208,KABUPATEN KUNINGAN,RUMAH SAKIT KHUSUS,1,UNIT,2019
173,32,JAWA BARAT,3208,KABUPATEN KUNINGAN,RUMAH SAKIT BERSALIN,0,UNIT,2019
174,32,JAWA BARAT,3208,KABUPATEN KUNINGAN,PUSKESMAS,37,UNIT,2019
175,32,JAWA BARAT,3208,KABUPATEN KUNINGAN,POSYANDU,0,UNIT,2019
176,32,JAWA BARAT,3209,KABUPATEN CIREBON,RUMAH SAKIT UMUM,8,UNIT,2019
177,32,JAWA BARAT,3209,KABUPATEN CIREBON,RUMAH SAKIT KHUSUS,3,UNIT,2019
178,32,JAWA BARAT,3209,KABUPATEN CIREBON,RUMAH SAKIT BERSALIN,0,UNIT,2019
179,32,JAWA BARAT,3209,KABUPATEN CIREBON,PUSKESMAS,60,UNIT,2019
180,32,JAWA BARAT,3209,KABUPATEN CIREBON,POSYANDU,0,UNIT,2019
181,32,JAWA BARAT,3210,KABUPATEN MAJALENGKA,RUMAH SAKIT UMUM,2,UNIT,2019
182,32,JAWA BARAT,3210,KABUPATEN MAJALENGKA,RUMAH SAKIT KHUSUS,2,UNIT,2019
183,32,JAWA BARAT,3210,KABUPATEN MAJALENGKA,RUMAH SAKIT BERSALIN,0,UNIT,2019
184,32,JAWA BARAT,3210,KABUPATEN MAJALENGKA,PUSKESMAS,32,UNIT,2019
185,32,JAWA BARAT,3210,KABUPATEN MAJALENGKA,POSYANDU,0,UNIT,2019
186,32,JAWA BARAT,3211,KABUPATEN SUMEDANG,RUMAH SAKIT UMUM,3,UNIT,2019
187,32,JAWA BARAT,3211,KABUPATEN SUMEDANG,RUMAH SAKIT KHUSUS,0,UNIT,2019
188,32,JAWA BARAT,3211,KABUPATEN SUMEDANG,RUMAH SAKIT BERSALIN,0,UNIT,2019
189,32,JAWA BARAT,3211,KABUPATEN SUMEDANG,PUSKESMAS,35,UNIT,2019
190,32,JAWA BARAT,3211,KABUPATEN SUMEDANG,POSYANDU,0,UNIT,2019
191,32,JAWA BARAT,3212,KABUPATEN INDRAMAYU,RUMAH SAKIT UMUM,10,UNIT,2019
192,32,JAWA BARAT,3212,KABUPATEN INDRAMAYU,RUMAH SAKIT KHUSUS,1,UNIT,2019
193,32,JAWA BARAT,3212,KABUPATEN INDRAMAYU,RUMAH SAKIT BERSALIN,0,UNIT,2019
194,32,JAWA BARAT,3212,KABUPATEN INDRAMAYU,PUSKESMAS,49,UNIT,2019
195,32,JAWA BARAT,3212,KABUPATEN INDRAMAYU,POSYANDU,0,UNIT,2019
196,32,JAWA BARAT,3213,KABUPATEN SUBANG,RUMAH SAKIT UMUM,7,UNIT,2019
197,32,JAWA BARAT,3213,KABUPATEN SUBANG,RUMAH SAKIT KHUSUS,1,UNIT,2019
198,32,JAWA BARAT,3213,KABUPATEN SUBANG,RUMAH SAKIT BERSALIN,0,UNIT,2019
199,32,JAWA BARAT,3213,KABUPATEN SUBANG,PUSKESMAS,40,UNIT,2019
200,32,JAWA BARAT,3213,KABUPATEN SUBANG,POSYANDU,0,UNIT,2019
201,32,JAWA BARAT,3214,KABUPATEN PURWAKARTA,RUMAH SAKIT UMUM,8,UNIT,2019
202,32,JAWA BARAT,3214,KABUPATEN PURWAKARTA,RUMAH SAKIT KHUSUS,2,UNIT,2019
203,32,JAWA BARAT,3214,KABUPATEN PURWAKARTA,RUMAH SAKIT BERSALIN,0,UNIT,2019
204,32,JAWA BARAT,3214,KABUPATEN PURWAKARTA,PUSKESMAS,20,UNIT,2019
205,32,JAWA BARAT,3214,KABUPATEN PURWAKARTA,POSYANDU,0,UNIT,2019
206,32,JAWA BARAT,3215,KABUPATEN KARAWANG,RUMAH SAKIT UMUM,18,UNIT,2019
207,32,JAWA BARAT,3215,KABUPATEN KARAWANG,RUMAH SAKIT KHUSUS,3,UNIT,2019
208,32,JAWA BARAT,3215,KABUPATEN KARAWANG,RUMAH SAKIT BERSALIN,0,UNIT,2019
209,32,JAWA BARAT,3215,KABUPATEN KARAWANG,PUSKESMAS,50,UNIT,2019
210,32,JAWA BARAT,3215,KABUPATEN KARAWANG,POSYANDU,0,UNIT,2019
211,32,JAWA BARAT,3216,KABUPATEN BEKASI,RUMAH SAKIT UMUM,44,UNIT,2019
212,32,JAWA BARAT,3216,KABUPATEN BEKASI,RUMAH SAKIT KHUSUS,5,UNIT,2019
213,32,JAWA BARAT,3216,KABUPATEN BEKASI,RUMAH SAKIT BERSALIN,0,UNIT,2019
214,32,JAWA BARAT,3216,KABUPATEN BEKASI,PUSKESMAS,45,UNIT,2019
215,32,JAWA BARAT,3216,KABUPATEN BEKASI,POSYANDU,0,UNIT,2019
216,32,JAWA BARAT,3217,KABUPATEN BANDUNG BARAT,RUMAH SAKIT UMUM,6,UNIT,2019
217,32,JAWA BARAT,3217,KABUPATEN BANDUNG BARAT,RUMAH SAKIT KHUSUS,2,UNIT,2019
218,32,JAWA BARAT,3217,KABUPATEN BANDUNG BARAT,RUMAH SAKIT BERSALIN,0,UNIT,2019
219,32,JAWA BARAT,3217,KABUPATEN BANDUNG BARAT,PUSKESMAS,32,UNIT,2019
220,32,JAWA BARAT,3217,KABUPATEN BANDUNG BARAT,POSYANDU,0,UNIT,2019
221,32,JAWA BARAT,3218,KABUPATEN PANGANDARAN,RUMAH SAKIT UMUM,0,UNIT,2019
222,32,JAWA BARAT,3218,KABUPATEN PANGANDARAN,RUMAH SAKIT KHUSUS,0,UNIT,2019
223,32,JAWA BARAT,3218,KABUPATEN PANGANDARAN,RUMAH SAKIT BERSALIN,0,UNIT,2019
224,32,JAWA BARAT,3218,KABUPATEN PANGANDARAN,PUSKESMAS,15,UNIT,2019
225,32,JAWA BARAT,3218,KABUPATEN PANGANDARAN,POSYANDU,0,UNIT,2019
226,32,JAWA BARAT,3271,KOTA BOGOR,RUMAH SAKIT UMUM,16,UNIT,2019
227,32,JAWA BARAT,3271,KOTA BOGOR,RUMAH SAKIT KHUSUS,5,UNIT,2019
228,32,JAWA BARAT,3271,KOTA BOGOR,RUMAH SAKIT BERSALIN,0,UNIT,2019
229,32,JAWA BARAT,3271,KOTA BOGOR,PUSKESMAS,25,UNIT,2019
230,32,JAWA BARAT,3271,KOTA BOGOR,POSYANDU,0,UNIT,2019
231,32,JAWA BARAT,3272,KOTA SUKABUMI,RUMAH SAKIT UMUM,6,UNIT,2019
232,32,JAWA BARAT,3272,KOTA SUKABUMI,RUMAH SAKIT KHUSUS,0,UNIT,2019
233,32,JAWA BARAT,3272,KOTA SUKABUMI,RUMAH SAKIT BERSALIN,0,UNIT,2019
234,32,JAWA BARAT,3272,KOTA SUKABUMI,PUSKESMAS,15,UNIT,2019
235,32,JAWA BARAT,3272,KOTA SUKABUMI,POSYANDU,0,UNIT,2019
236,32,JAWA BARAT,3273,KOTA BANDUNG,RUMAH SAKIT UMUM,20,UNIT,2019
237,32,JAWA BARAT,3273,KOTA BANDUNG,RUMAH SAKIT KHUSUS,15,UNIT,2019
238,32,JAWA BARAT,3273,KOTA BANDUNG,RUMAH SAKIT BERSALIN,0,UNIT,2019
239,32,JAWA BARAT,3273,KOTA BANDUNG,PUSKESMAS,80,UNIT,2019
240,32,JAWA BARAT,3273,KOTA BANDUNG,POSYANDU,0,UNIT,2019
241,32,JAWA BARAT,3274,KOTA CIREBON,RUMAH SAKIT UMUM,9,UNIT,2019
242,32,JAWA BARAT,3274,KOTA CIREBON,RUMAH SAKIT KHUSUS,2,UNIT,2019
243,32,JAWA BARAT,3274,KOTA CIREBON,RUMAH SAKIT BERSALIN,0,UNIT,2019
244,32,JAWA BARAT,3274,KOTA CIREBON,PUSKESMAS,22,UNIT,2019
245,32,JAWA BARAT,3274,KOTA CIREBON,POSYANDU,0,UNIT,2019
246,32,JAWA BARAT,3275,KOTA BEKASI,RUMAH SAKIT UMUM,42,UNIT,2019
247,32,JAWA BARAT,3275,KOTA BEKASI,RUMAH SAKIT KHUSUS,4,UNIT,2019
248,32,JAWA BARAT,3275,KOTA BEKASI,RUMAH SAKIT BERSALIN,0,UNIT,2019
249,32,JAWA BARAT,3275,KOTA BEKASI,PUSKESMAS,42,UNIT,2019
250,32,JAWA BARAT,3275,KOTA BEKASI,POSYANDU,0,UNIT,2019
251,32,JAWA BARAT,3276,KOTA DEPOK,RUMAH SAKIT UMUM,18,UNIT,2019
252,32,JAWA BARAT,3276,KOTA DEPOK,RUMAH SAKIT KHUSUS,6,UNIT,2019
253,32,JAWA BARAT,3276,KOTA DEPOK,RUMAH SAKIT BERSALIN,0,UNIT,2019
254,32,JAWA BARAT,3276,KOTA DEPOK,PUSKESMAS,35,UNIT,2019
255,32,JAWA BARAT,3276,KOTA DEPOK,POSYANDU,0,UNIT,2019
256,32,JAWA BARAT,3277,KOTA CIMAHI,RUMAH SAKIT UMUM,6,UNIT,2019
257,32,JAWA BARAT,3277,KOTA CIMAHI,RUMAH SAKIT KHUSUS,1,UNIT,2019
258,32,JAWA BARAT,3277,KOTA CIMAHI,RUMAH SAKIT BERSALIN,0,UNIT,2019
259,32,JAWA BARAT,3277,KOTA CIMAHI,PUSKESMAS,13,UNIT,2019
260,32,JAWA BARAT,3277,KOTA CIMAHI,POSYANDU,0,UNIT,2019
261,32,JAWA BARAT,3278,KOTA TASIKMALAYA,RUMAH SAKIT UMUM,7,UNIT,2019
262,32,JAWA BARAT,3278,KOTA TASIKMALAYA,RUMAH SAKIT KHUSUS,5,UNIT,2019
263,32,JAWA BARAT,3278,KOTA TASIKMALAYA,RUMAH SAKIT BERSALIN,0,UNIT,2019
264,32,JAWA BARAT,3278,KOTA TASIKMALAYA,PUSKESMAS,21,UNIT,2019
265,32,JAWA BARAT,3278,KOTA TASIKMALAYA,POSYANDU,0,UNIT,2019
266,32,JAWA BARAT,3279,KOTA BANJAR,RUMAH SAKIT UMUM,3,UNIT,2019
267,32,JAWA BARAT,3279,KOTA BANJAR,RUMAH SAKIT KHUSUS,0,UNIT,2019
268,32,JAWA BARAT,3279,KOTA BANJAR,RUMAH SAKIT BERSALIN,0,UNIT,2019
269,32,JAWA BARAT,3279,KOTA BANJAR,PUSKESMAS,10,UNIT,2019
270,32,JAWA BARAT,3279,KOTA BANJAR,POSYANDU,0,UNIT,2019
271,32,JAWA BARAT,3201,KABUPATEN BOGOR,RUMAH SAKIT UMUM,24,UNIT,2020
272,32,JAWA BARAT,3201,KABUPATEN BOGOR,RUMAH SAKIT KHUSUS,5,UNIT,2020
273,32,JAWA BARAT,3201,KABUPATEN BOGOR,RUMAH SAKIT BERSALIN,0,UNIT,2020
274,32,JAWA BARAT,3201,KABUPATEN BOGOR,PUSKESMAS,101,UNIT,2020
275,32,JAWA BARAT,3201,KABUPATEN BOGOR,POSYANDU,5020,UNIT,2020
276,32,JAWA BARAT,3202,KABUPATEN SUKABUMI,RUMAH SAKIT UMUM,8,UNIT,2020
277,32,JAWA BARAT,3202,KABUPATEN SUKABUMI,RUMAH SAKIT KHUSUS,0,UNIT,2020
278,32,JAWA BARAT,3202,KABUPATEN SUKABUMI,RUMAH SAKIT BERSALIN,0,UNIT,2020
279,32,JAWA BARAT,3202,KABUPATEN SUKABUMI,PUSKESMAS,58,UNIT,2020
280,32,JAWA BARAT,3202,KABUPATEN SUKABUMI,POSYANDU,3510,UNIT,2020
281,32,JAWA BARAT,3203,KABUPATEN CIANJUR,RUMAH SAKIT UMUM,5,UNIT,2020
282,32,JAWA BARAT,3203,KABUPATEN CIANJUR,RUMAH SAKIT KHUSUS,0,UNIT,2020
283,32,JAWA BARAT,3203,KABUPATEN CIANJUR,RUMAH SAKIT BERSALIN,0,UNIT,2020
284,32,JAWA BARAT,3203,KABUPATEN CIANJUR,PUSKESMAS,47,UNIT,2020
285,32,JAWA BARAT,3203,KABUPATEN CIANJUR,POSYANDU,2922,UNIT,2020
286,32,JAWA BARAT,3204,KABUPATEN BANDUNG,RUMAH SAKIT UMUM,10,UNIT,2020
287,32,JAWA BARAT,3204,KABUPATEN BANDUNG,RUMAH SAKIT KHUSUS,0,UNIT,2020
288,32,JAWA BARAT,3204,KABUPATEN BANDUNG,RUMAH SAKIT BERSALIN,0,UNIT,2020
289,32,JAWA BARAT,3204,KABUPATEN BANDUNG,PUSKESMAS,62,UNIT,2020
290,32,JAWA BARAT,3204,KABUPATEN BANDUNG,POSYANDU,4308,UNIT,2020
291,32,JAWA BARAT,3205,KABUPATEN GARUT,RUMAH SAKIT UMUM,6,UNIT,2020
292,32,JAWA BARAT,3205,KABUPATEN GARUT,RUMAH SAKIT KHUSUS,0,UNIT,2020
293,32,JAWA BARAT,3205,KABUPATEN GARUT,RUMAH SAKIT BERSALIN,0,UNIT,2020
294,32,JAWA BARAT,3205,KABUPATEN GARUT,PUSKESMAS,67,UNIT,2020
295,32,JAWA BARAT,3205,KABUPATEN GARUT,POSYANDU,4221,UNIT,2020
296,32,JAWA BARAT,3206,KABUPATEN TASIKMALAYA,RUMAH SAKIT UMUM,1,UNIT,2020
297,32,JAWA BARAT,3206,KABUPATEN TASIKMALAYA,RUMAH SAKIT KHUSUS,1,UNIT,2020
298,32,JAWA BARAT,3206,KABUPATEN TASIKMALAYA,RUMAH SAKIT BERSALIN,0,UNIT,2020
299,32,JAWA BARAT,3206,KABUPATEN TASIKMALAYA,PUSKESMAS,40,UNIT,2020
300,32,JAWA BARAT,3206,KABUPATEN TASIKMALAYA,POSYANDU,2402,UNIT,2020
301,32,JAWA BARAT,3207,KABUPATEN CIAMIS,RUMAH SAKIT UMUM,4,UNIT,2020
302,32,JAWA BARAT,3207,KABUPATEN CIAMIS,RUMAH SAKIT KHUSUS,1,UNIT,2020
303,32,JAWA BARAT,3207,KABUPATEN CIAMIS,RUMAH SAKIT BERSALIN,0,UNIT,2020
304,32,JAWA BARAT,3207,KABUPATEN CIAMIS,PUSKESMAS,37,UNIT,2020
305,32,JAWA BARAT,3207,KABUPATEN CIAMIS,POSYANDU,1604,UNIT,2020
306,32,JAWA BARAT,3208,KABUPATEN KUNINGAN,RUMAH SAKIT UMUM,11,UNIT,2020
307,32,JAWA BARAT,3208,KABUPATEN KUNINGAN,RUMAH SAKIT KHUSUS,1,UNIT,2020
308,32,JAWA BARAT,3208,KABUPATEN KUNINGAN,RUMAH SAKIT BERSALIN,0,UNIT,2020
309,32,JAWA BARAT,3208,KABUPATEN KUNINGAN,PUSKESMAS,37,UNIT,2020
310,32,JAWA BARAT,3208,KABUPATEN KUNINGAN,POSYANDU,1429,UNIT,2020
311,32,JAWA BARAT,3209,KABUPATEN CIREBON,RUMAH SAKIT UMUM,9,UNIT,2020
312,32,JAWA BARAT,3209,KABUPATEN CIREBON,RUMAH SAKIT KHUSUS,3,UNIT,2020
313,32,JAWA BARAT,3209,KABUPATEN CIREBON,RUMAH SAKIT BERSALIN,0,UNIT,2020
314,32,JAWA BARAT,3209,KABUPATEN CIREBON,PUSKESMAS,60,UNIT,2020
315,32,JAWA BARAT,3209,KABUPATEN CIREBON,POSYANDU,2660,UNIT,2020
316,32,JAWA BARAT,3210,KABUPATEN MAJALENGKA,RUMAH SAKIT UMUM,2,UNIT,2020
317,32,JAWA BARAT,3210,KABUPATEN MAJALENGKA,RUMAH SAKIT KHUSUS,3,UNIT,2020
318,32,JAWA BARAT,3210,KABUPATEN MAJALENGKA,RUMAH SAKIT BERSALIN,0,UNIT,2020
319,32,JAWA BARAT,3210,KABUPATEN MAJALENGKA,PUSKESMAS,32,UNIT,2020
320,32,JAWA BARAT,3210,KABUPATEN MAJALENGKA,POSYANDU,1489,UNIT,2020
321,32,JAWA BARAT,3211,KABUPATEN SUMEDANG,RUMAH SAKIT UMUM,3,UNIT,2020
322,32,JAWA BARAT,3211,KABUPATEN SUMEDANG,RUMAH SAKIT KHUSUS,0,UNIT,2020
323,32,JAWA BARAT,3211,KABUPATEN SUMEDANG,RUMAH SAKIT BERSALIN,22,UNIT,2020
324,32,JAWA BARAT,3211,KABUPATEN SUMEDANG,PUSKESMAS,35,UNIT,2020
325,32,JAWA BARAT,3211,KABUPATEN SUMEDANG,POSYANDU,1683,UNIT,2020
326,32,JAWA BARAT,3212,KABUPATEN INDRAMAYU,RUMAH SAKIT UMUM,10,UNIT,2020
327,32,JAWA BARAT,3212,KABUPATEN INDRAMAYU,RUMAH SAKIT KHUSUS,1,UNIT,2020
328,32,JAWA BARAT,3212,KABUPATEN INDRAMAYU,RUMAH SAKIT BERSALIN,0,UNIT,2020
329,32,JAWA BARAT,3212,KABUPATEN INDRAMAYU,PUSKESMAS,49,UNIT,2020
330,32,JAWA BARAT,3212,KABUPATEN INDRAMAYU,POSYANDU,2340,UNIT,2020
331,32,JAWA BARAT,3213,KABUPATEN SUBANG,RUMAH SAKIT UMUM,7,UNIT,2020
332,32,JAWA BARAT,3213,KABUPATEN SUBANG,RUMAH SAKIT KHUSUS,1,UNIT,2020
333,32,JAWA BARAT,3213,KABUPATEN SUBANG,RUMAH SAKIT BERSALIN,0,UNIT,2020
334,32,JAWA BARAT,3213,KABUPATEN SUBANG,PUSKESMAS,40,UNIT,2020
335,32,JAWA BARAT,3213,KABUPATEN SUBANG,POSYANDU,1908,UNIT,2020
336,32,JAWA BARAT,3214,KABUPATEN PURWAKARTA,RUMAH SAKIT UMUM,9,UNIT,2020
337,32,JAWA BARAT,3214,KABUPATEN PURWAKARTA,RUMAH SAKIT KHUSUS,2,UNIT,2020
338,32,JAWA BARAT,3214,KABUPATEN PURWAKARTA,RUMAH SAKIT BERSALIN,0,UNIT,2020
339,32,JAWA BARAT,3214,KABUPATEN PURWAKARTA,PUSKESMAS,20,UNIT,2020
340,32,JAWA BARAT,3214,KABUPATEN PURWAKARTA,POSYANDU,1032,UNIT,2020
341,32,JAWA BARAT,3215,KABUPATEN KARAWANG,RUMAH SAKIT UMUM,21,UNIT,2020
342,32,JAWA BARAT,3215,KABUPATEN KARAWANG,RUMAH SAKIT KHUSUS,3,UNIT,2020
343,32,JAWA BARAT,3215,KABUPATEN KARAWANG,RUMAH SAKIT BERSALIN,0,UNIT,2020
344,32,JAWA BARAT,3215,KABUPATEN KARAWANG,PUSKESMAS,50,UNIT,2020
345,32,JAWA BARAT,3215,KABUPATEN KARAWANG,POSYANDU,2358,UNIT,2020
346,32,JAWA BARAT,3216,KABUPATEN BEKASI,RUMAH SAKIT UMUM,44,UNIT,2020
347,32,JAWA BARAT,3216,KABUPATEN BEKASI,RUMAH SAKIT KHUSUS,6,UNIT,2020
348,32,JAWA BARAT,3216,KABUPATEN BEKASI,RUMAH SAKIT BERSALIN,0,UNIT,2020
349,32,JAWA BARAT,3216,KABUPATEN BEKASI,PUSKESMAS,44,UNIT,2020
350,32,JAWA BARAT,3216,KABUPATEN BEKASI,POSYANDU,2819,UNIT,2020
351,32,JAWA BARAT,3217,KABUPATEN BANDUNG BARAT,RUMAH SAKIT UMUM,6,UNIT,2020
352,32,JAWA BARAT,3217,KABUPATEN BANDUNG BARAT,RUMAH SAKIT KHUSUS,3,UNIT,2020
353,32,JAWA BARAT,3217,KABUPATEN BANDUNG BARAT,RUMAH SAKIT BERSALIN,0,UNIT,2020
354,32,JAWA BARAT,3217,KABUPATEN BANDUNG BARAT,PUSKESMAS,32,UNIT,2020
355,32,JAWA BARAT,3217,KABUPATEN BANDUNG BARAT,POSYANDU,2315,UNIT,2020
356,32,JAWA BARAT,3218,KABUPATEN PANGANDARAN,RUMAH SAKIT UMUM,1,UNIT,2020
357,32,JAWA BARAT,3218,KABUPATEN PANGANDARAN,RUMAH SAKIT KHUSUS,0,UNIT,2020
358,32,JAWA BARAT,3218,KABUPATEN PANGANDARAN,RUMAH SAKIT BERSALIN,0,UNIT,2020
359,32,JAWA BARAT,3218,KABUPATEN PANGANDARAN,PUSKESMAS,15,UNIT,2020
360,32,JAWA BARAT,3218,KABUPATEN PANGANDARAN,POSYANDU,531,UNIT,2020
361,32,JAWA BARAT,3271,KOTA BOGOR,RUMAH SAKIT UMUM,16,UNIT,2020
362,32,JAWA BARAT,3271,KOTA BOGOR,RUMAH SAKIT KHUSUS,5,UNIT,2020
363,32,JAWA BARAT,3271,KOTA BOGOR,RUMAH SAKIT BERSALIN,0,UNIT,2020
364,32,JAWA BARAT,3271,KOTA BOGOR,PUSKESMAS,25,UNIT,2020
365,32,JAWA BARAT,3271,KOTA BOGOR,POSYANDU,980,UNIT,2020
366,32,JAWA BARAT,3272,KOTA SUKABUMI,RUMAH SAKIT UMUM,6,UNIT,2020
367,32,JAWA BARAT,3272,KOTA SUKABUMI,RUMAH SAKIT KHUSUS,0,UNIT,2020
368,32,JAWA BARAT,3272,KOTA SUKABUMI,RUMAH SAKIT BERSALIN,0,UNIT,2020
369,32,JAWA BARAT,3272,KOTA SUKABUMI,PUSKESMAS,15,UNIT,2020
370,32,JAWA BARAT,3272,KOTA SUKABUMI,POSYANDU,456,UNIT,2020
371,32,JAWA BARAT,3273,KOTA BANDUNG,RUMAH SAKIT UMUM,21,UNIT,2020
372,32,JAWA BARAT,3273,KOTA BANDUNG,RUMAH SAKIT KHUSUS,15,UNIT,2020
373,32,JAWA BARAT,3273,KOTA BANDUNG,RUMAH SAKIT BERSALIN,0,UNIT,2020
374,32,JAWA BARAT,3273,KOTA BANDUNG,PUSKESMAS,80,UNIT,2020
375,32,JAWA BARAT,3273,KOTA BANDUNG,POSYANDU,1988,UNIT,2020
376,32,JAWA BARAT,3274,KOTA CIREBON,RUMAH SAKIT UMUM,9,UNIT,2020
377,32,JAWA BARAT,3274,KOTA CIREBON,RUMAH SAKIT KHUSUS,2,UNIT,2020
378,32,JAWA BARAT,3274,KOTA CIREBON,RUMAH SAKIT BERSALIN,0,UNIT,2020
379,32,JAWA BARAT,3274,KOTA CIREBON,PUSKESMAS,22,UNIT,2020
380,32,JAWA BARAT,3274,KOTA CIREBON,POSYANDU,335,UNIT,2020
381,32,JAWA BARAT,3275,KOTA BEKASI,RUMAH SAKIT UMUM,43,UNIT,2020
382,32,JAWA BARAT,3275,KOTA BEKASI,RUMAH SAKIT KHUSUS,3,UNIT,2020
383,32,JAWA BARAT,3275,KOTA BEKASI,RUMAH SAKIT BERSALIN,0,UNIT,2020
384,32,JAWA BARAT,3275,KOTA BEKASI,PUSKESMAS,42,UNIT,2020
385,32,JAWA BARAT,3275,KOTA BEKASI,POSYANDU,1611,UNIT,2020
386,32,JAWA BARAT,3276,KOTA DEPOK,RUMAH SAKIT UMUM,19,UNIT,2020
387,32,JAWA BARAT,3276,KOTA DEPOK,RUMAH SAKIT KHUSUS,5,UNIT,2020
388,32,JAWA BARAT,3276,KOTA DEPOK,RUMAH SAKIT BERSALIN,0,UNIT,2020
389,32,JAWA BARAT,3276,KOTA DEPOK,PUSKESMAS,38,UNIT,2020
390,32,JAWA BARAT,3276,KOTA DEPOK,POSYANDU,1035,UNIT,2020
391,32,JAWA BARAT,3277,KOTA CIMAHI,RUMAH SAKIT UMUM,6,UNIT,2020
392,32,JAWA BARAT,3277,KOTA CIMAHI,RUMAH SAKIT KHUSUS,1,UNIT,2020
393,32,JAWA BARAT,3277,KOTA CIMAHI,RUMAH SAKIT BERSALIN,0,UNIT,2020
394,32,JAWA BARAT,3277,KOTA CIMAHI,PUSKESMAS,13,UNIT,2020
395,32,JAWA BARAT,3277,KOTA CIMAHI,POSYANDU,404,UNIT,2020
396,32,JAWA BARAT,3278,KOTA TASIKMALAYA,RUMAH SAKIT UMUM,7,UNIT,2020
397,32,JAWA BARAT,3278,KOTA TASIKMALAYA,RUMAH SAKIT KHUSUS,5,UNIT,2020
398,32,JAWA BARAT,3278,KOTA TASIKMALAYA,RUMAH SAKIT BERSALIN,0,UNIT,2020
399,32,JAWA BARAT,3278,KOTA TASIKMALAYA,PUSKESMAS,22,UNIT,2020
400,32,JAWA BARAT,3278,KOTA TASIKMALAYA,POSYANDU,884,UNIT,2020
401,32,JAWA BARAT,3279,KOTA BANJAR,RUMAH SAKIT UMUM,3,UNIT,2020
402,32,JAWA BARAT,3279,KOTA BANJAR,RUMAH SAKIT KHUSUS,0,UNIT,2020
403,32,JAWA BARAT,3279,KOTA BANJAR,RUMAH SAKIT BERSALIN,0,UNIT,2020
404,32,JAWA BARAT,3279,KOTA BANJAR,PUSKESMAS,10,UNIT,2020
405,32,JAWA BARAT,3279,KOTA BANJAR,POSYANDU,201,UNIT,2020
406,32,JAWA BARAT,3201,KABUPATEN BOGOR,RUMAH SAKIT UMUM,25,UNIT,2021
407,32,JAWA BARAT,3201,KABUPATEN BOGOR,RUMAH SAKIT KHUSUS,4,UNIT,2021
408,32,JAWA BARAT,3201,KABUPATEN BOGOR,RUMAH SAKIT BERSALIN,0,UNIT,2021
409,32,JAWA BARAT,3201,KABUPATEN BOGOR,PUSKESMAS,101,UNIT,2021
410,32,JAWA BARAT,3201,KABUPATEN BOGOR,POSYANDU,5133,UNIT,2021
411,32,JAWA BARAT,3202,KABUPATEN SUKABUMI,RUMAH SAKIT UMUM,9,UNIT,2021
412,32,JAWA BARAT,3202,KABUPATEN SUKABUMI,RUMAH SAKIT KHUSUS,0,UNIT,2021
413,32,JAWA BARAT,3202,KABUPATEN SUKABUMI,RUMAH SAKIT BERSALIN,0,UNIT,2021
414,32,JAWA BARAT,3202,KABUPATEN SUKABUMI,PUSKESMAS,58,UNIT,2021
415,32,JAWA BARAT,3202,KABUPATEN SUKABUMI,POSYANDU,3503,UNIT,2021
416,32,JAWA BARAT,3203,KABUPATEN CIANJUR,RUMAH SAKIT UMUM,5,UNIT,2021
417,32,JAWA BARAT,3203,KABUPATEN CIANJUR,RUMAH SAKIT KHUSUS,1,UNIT,2021
418,32,JAWA BARAT,3203,KABUPATEN CIANJUR,RUMAH SAKIT BERSALIN,0,UNIT,2021
419,32,JAWA BARAT,3203,KABUPATEN CIANJUR,PUSKESMAS,47,UNIT,2021
420,32,JAWA BARAT,3203,KABUPATEN CIANJUR,POSYANDU,2929,UNIT,2021
421,32,JAWA BARAT,3204,KABUPATEN BANDUNG,RUMAH SAKIT UMUM,10,UNIT,2021
422,32,JAWA BARAT,3204,KABUPATEN BANDUNG,RUMAH SAKIT KHUSUS,0,UNIT,2021
423,32,JAWA BARAT,3204,KABUPATEN BANDUNG,RUMAH SAKIT BERSALIN,0,UNIT,2021
424,32,JAWA BARAT,3204,KABUPATEN BANDUNG,PUSKESMAS,62,UNIT,2021
425,32,JAWA BARAT,3204,KABUPATEN BANDUNG,POSYANDU,4308,UNIT,2021
426,32,JAWA BARAT,3205,KABUPATEN GARUT,RUMAH SAKIT UMUM,6,UNIT,2021
427,32,JAWA BARAT,3205,KABUPATEN GARUT,RUMAH SAKIT KHUSUS,0,UNIT,2021
428,32,JAWA BARAT,3205,KABUPATEN GARUT,RUMAH SAKIT BERSALIN,0,UNIT,2021
429,32,JAWA BARAT,3205,KABUPATEN GARUT,PUSKESMAS,67,UNIT,2021
430,32,JAWA BARAT,3205,KABUPATEN GARUT,POSYANDU,4221,UNIT,2021
431,32,JAWA BARAT,3206,KABUPATEN TASIKMALAYA,RUMAH SAKIT UMUM,1,UNIT,2021
432,32,JAWA BARAT,3206,KABUPATEN TASIKMALAYA,RUMAH SAKIT KHUSUS,1,UNIT,2021
433,32,JAWA BARAT,3206,KABUPATEN TASIKMALAYA,RUMAH SAKIT BERSALIN,0,UNIT,2021
434,32,JAWA BARAT,3206,KABUPATEN TASIKMALAYA,PUSKESMAS,40,UNIT,2021
435,32,JAWA BARAT,3206,KABUPATEN TASIKMALAYA,POSYANDU,2395,UNIT,2021
436,32,JAWA BARAT,3207,KABUPATEN CIAMIS,RUMAH SAKIT UMUM,5,UNIT,2021
437,32,JAWA BARAT,3207,KABUPATEN CIAMIS,RUMAH SAKIT KHUSUS,1,UNIT,2021
438,32,JAWA BARAT,3207,KABUPATEN CIAMIS,RUMAH SAKIT BERSALIN,0,UNIT,2021
439,32,JAWA BARAT,3207,KABUPATEN CIAMIS,PUSKESMAS,37,UNIT,2021
440,32,JAWA BARAT,3207,KABUPATEN CIAMIS,POSYANDU,1608,UNIT,2021
441,32,JAWA BARAT,3208,KABUPATEN KUNINGAN,RUMAH SAKIT UMUM,11,UNIT,2021
442,32,JAWA BARAT,3208,KABUPATEN KUNINGAN,RUMAH SAKIT KHUSUS,1,UNIT,2021
443,32,JAWA BARAT,3208,KABUPATEN KUNINGAN,RUMAH SAKIT BERSALIN,0,UNIT,2021
444,32,JAWA BARAT,3208,KABUPATEN KUNINGAN,PUSKESMAS,37,UNIT,2021
445,32,JAWA BARAT,3208,KABUPATEN KUNINGAN,POSYANDU,1136,UNIT,2021
446,32,JAWA BARAT,3209,KABUPATEN CIREBON,RUMAH SAKIT UMUM,10,UNIT,2021
447,32,JAWA BARAT,3209,KABUPATEN CIREBON,RUMAH SAKIT KHUSUS,2,UNIT,2021
448,32,JAWA BARAT,3209,KABUPATEN CIREBON,RUMAH SAKIT BERSALIN,0,UNIT,2021
449,32,JAWA BARAT,3209,KABUPATEN CIREBON,PUSKESMAS,60,UNIT,2021
450,32,JAWA BARAT,3209,KABUPATEN CIREBON,POSYANDU,2670,UNIT,2021
451,32,JAWA BARAT,3210,KABUPATEN MAJALENGKA,RUMAH SAKIT UMUM,3,UNIT,2021
452,32,JAWA BARAT,3210,KABUPATEN MAJALENGKA,RUMAH SAKIT KHUSUS,2,UNIT,2021
453,32,JAWA BARAT,3210,KABUPATEN MAJALENGKA,RUMAH SAKIT BERSALIN,0,UNIT,2021
454,32,JAWA BARAT,3210,KABUPATEN MAJALENGKA,PUSKESMAS,32,UNIT,2021
455,32,JAWA BARAT,3210,KABUPATEN MAJALENGKA,POSYANDU,1422,UNIT,2021
456,32,JAWA BARAT,3211,KABUPATEN SUMEDANG,RUMAH SAKIT UMUM,3,UNIT,2021
457,32,JAWA BARAT,3211,KABUPATEN SUMEDANG,RUMAH SAKIT KHUSUS,0,UNIT,2021
458,32,JAWA BARAT,3211,KABUPATEN SUMEDANG,RUMAH SAKIT BERSALIN,0,UNIT,2021
459,32,JAWA BARAT,3211,KABUPATEN SUMEDANG,PUSKESMAS,35,UNIT,2021
460,32,JAWA BARAT,3211,KABUPATEN SUMEDANG,POSYANDU,1698,UNIT,2021
461,32,JAWA BARAT,3212,KABUPATEN INDRAMAYU,RUMAH SAKIT UMUM,9,UNIT,2021
462,32,JAWA BARAT,3212,KABUPATEN INDRAMAYU,RUMAH SAKIT KHUSUS,1,UNIT,2021
463,32,JAWA BARAT,3212,KABUPATEN INDRAMAYU,RUMAH SAKIT BERSALIN,0,UNIT,2021
464,32,JAWA BARAT,3212,KABUPATEN INDRAMAYU,PUSKESMAS,49,UNIT,2021
465,32,JAWA BARAT,3212,KABUPATEN INDRAMAYU,POSYANDU,1985,UNIT,2021
466,32,JAWA BARAT,3213,KABUPATEN SUBANG,RUMAH SAKIT UMUM,8,UNIT,2021
467,32,JAWA BARAT,3213,KABUPATEN SUBANG,RUMAH SAKIT KHUSUS,1,UNIT,2021
468,32,JAWA BARAT,3213,KABUPATEN SUBANG,RUMAH SAKIT BERSALIN,0,UNIT,2021
469,32,JAWA BARAT,3213,KABUPATEN SUBANG,PUSKESMAS,40,UNIT,2021
470,32,JAWA BARAT,3213,KABUPATEN SUBANG,POSYANDU,1907,UNIT,2021
471,32,JAWA BARAT,3214,KABUPATEN PURWAKARTA,RUMAH SAKIT UMUM,10,UNIT,2021
472,32,JAWA BARAT,3214,KABUPATEN PURWAKARTA,RUMAH SAKIT KHUSUS,1,UNIT,2021
473,32,JAWA BARAT,3214,KABUPATEN PURWAKARTA,RUMAH SAKIT BERSALIN,0,UNIT,2021
474,32,JAWA BARAT,3214,KABUPATEN PURWAKARTA,PUSKESMAS,20,UNIT,2021
475,32,JAWA BARAT,3214,KABUPATEN PURWAKARTA,POSYANDU,1043,UNIT,2021
476,32,JAWA BARAT,3215,KABUPATEN KARAWANG,RUMAH SAKIT UMUM,22,UNIT,2021
477,32,JAWA BARAT,3215,KABUPATEN KARAWANG,RUMAH SAKIT KHUSUS,3,UNIT,2021
478,32,JAWA BARAT,3215,KABUPATEN KARAWANG,RUMAH SAKIT BERSALIN,0,UNIT,2021
479,32,JAWA BARAT,3215,KABUPATEN KARAWANG,PUSKESMAS,50,UNIT,2021
480,32,JAWA BARAT,3215,KABUPATEN KARAWANG,POSYANDU,2364,UNIT,2021
481,32,JAWA BARAT,3216,KABUPATEN BEKASI,RUMAH SAKIT UMUM,48,UNIT,2021
482,32,JAWA BARAT,3216,KABUPATEN BEKASI,RUMAH SAKIT KHUSUS,4,UNIT,2021
483,32,JAWA BARAT,3216,KABUPATEN BEKASI,RUMAH SAKIT BERSALIN,0,UNIT,2021
484,32,JAWA BARAT,3216,KABUPATEN BEKASI,PUSKESMAS,44,UNIT,2021
485,32,JAWA BARAT,3216,KABUPATEN BEKASI,POSYANDU,2864,UNIT,2021
486,32,JAWA BARAT,3217,KABUPATEN BANDUNG BARAT,RUMAH SAKIT UMUM,6,UNIT,2021
487,32,JAWA BARAT,3217,KABUPATEN BANDUNG BARAT,RUMAH SAKIT KHUSUS,3,UNIT,2021
488,32,JAWA BARAT,3217,KABUPATEN BANDUNG BARAT,RUMAH SAKIT BERSALIN,0,UNIT,2021
489,32,JAWA BARAT,3217,KABUPATEN BANDUNG BARAT,PUSKESMAS,32,UNIT,2021
490,32,JAWA BARAT,3217,KABUPATEN BANDUNG BARAT,POSYANDU,2359,UNIT,2021
491,32,JAWA BARAT,3218,KABUPATEN PANGANDARAN,RUMAH SAKIT UMUM,1,UNIT,2021
492,32,JAWA BARAT,3218,KABUPATEN PANGANDARAN,RUMAH SAKIT KHUSUS,0,UNIT,2021
493,32,JAWA BARAT,3218,KABUPATEN PANGANDARAN,RUMAH SAKIT BERSALIN,0,UNIT,2021
494,32,JAWA BARAT,3218,KABUPATEN PANGANDARAN,PUSKESMAS,15,UNIT,2021
495,32,JAWA BARAT,3218,KABUPATEN PANGANDARAN,POSYANDU,531,UNIT,2021
496,32,JAWA BARAT,3271,KOTA BOGOR,RUMAH SAKIT UMUM,17,UNIT,2021
497,32,JAWA BARAT,3271,KOTA BOGOR,RUMAH SAKIT KHUSUS,5,UNIT,2021
498,32,JAWA BARAT,3271,KOTA BOGOR,RUMAH SAKIT BERSALIN,0,UNIT,2021
499,32,JAWA BARAT,3271,KOTA BOGOR,PUSKESMAS,25,UNIT,2021
500,32,JAWA BARAT,3271,KOTA BOGOR,POSYANDU,980,UNIT,2021
501,32,JAWA BARAT,3272,KOTA SUKABUMI,RUMAH SAKIT UMUM,6,UNIT,2021
502,32,JAWA BARAT,3272,KOTA SUKABUMI,RUMAH SAKIT KHUSUS,0,UNIT,2021
503,32,JAWA BARAT,3272,KOTA SUKABUMI,RUMAH SAKIT BERSALIN,0,UNIT,2021
504,32,JAWA BARAT,3272,KOTA SUKABUMI,PUSKESMAS,15,UNIT,2021
505,32,JAWA BARAT,3272,KOTA SUKABUMI,POSYANDU,456,UNIT,2021
506,32,JAWA BARAT,3273,KOTA BANDUNG,RUMAH SAKIT UMUM,22,UNIT,2021
507,32,JAWA BARAT,3273,KOTA BANDUNG,RUMAH SAKIT KHUSUS,15,UNIT,2021
508,32,JAWA BARAT,3273,KOTA BANDUNG,RUMAH SAKIT BERSALIN,0,UNIT,2021
509,32,JAWA BARAT,3273,KOTA BANDUNG,PUSKESMAS,80,UNIT,2021
510,32,JAWA BARAT,3273,KOTA BANDUNG,POSYANDU,1995,UNIT,2021
511,32,JAWA BARAT,3274,KOTA CIREBON,RUMAH SAKIT UMUM,9,UNIT,2021
512,32,JAWA BARAT,3274,KOTA CIREBON,RUMAH SAKIT KHUSUS,1,UNIT,2021
513,32,JAWA BARAT,3274,KOTA CIREBON,RUMAH SAKIT BERSALIN,0,UNIT,2021
514,32,JAWA BARAT,3274,KOTA CIREBON,PUSKESMAS,22,UNIT,2021
515,32,JAWA BARAT,3274,KOTA CIREBON,POSYANDU,314,UNIT,2021
516,32,JAWA BARAT,3275,KOTA BEKASI,RUMAH SAKIT UMUM,44,UNIT,2021
517,32,JAWA BARAT,3275,KOTA BEKASI,RUMAH SAKIT KHUSUS,3,UNIT,2021
518,32,JAWA BARAT,3275,KOTA BEKASI,RUMAH SAKIT BERSALIN,0,UNIT,2021
519,32,JAWA BARAT,3275,KOTA BEKASI,PUSKESMAS,47,UNIT,2021
520,32,JAWA BARAT,3275,KOTA BEKASI,POSYANDU,1612,UNIT,2021
521,32,JAWA BARAT,3276,KOTA DEPOK,RUMAH SAKIT UMUM,20,UNIT,2021
522,32,JAWA BARAT,3276,KOTA DEPOK,RUMAH SAKIT KHUSUS,4,UNIT,2021
523,32,JAWA BARAT,3276,KOTA DEPOK,RUMAH SAKIT BERSALIN,0,UNIT,2021
524,32,JAWA BARAT,3276,KOTA DEPOK,PUSKESMAS,38,UNIT,2021
525,32,JAWA BARAT,3276,KOTA DEPOK,POSYANDU,1039,UNIT,2021
526,32,JAWA BARAT,3277,KOTA CIMAHI,RUMAH SAKIT UMUM,7,UNIT,2021
527,32,JAWA BARAT,3277,KOTA CIMAHI,RUMAH SAKIT KHUSUS,1,UNIT,2021
528,32,JAWA BARAT,3277,KOTA CIMAHI,RUMAH SAKIT BERSALIN,0,UNIT,2021
529,32,JAWA BARAT,3277,KOTA CIMAHI,PUSKESMAS,13,UNIT,2021
530,32,JAWA BARAT,3277,KOTA CIMAHI,POSYANDU,427,UNIT,2021
531,32,JAWA BARAT,3278,KOTA TASIKMALAYA,RUMAH SAKIT UMUM,7,UNIT,2021
532,32,JAWA BARAT,3278,KOTA TASIKMALAYA,RUMAH SAKIT KHUSUS,5,UNIT,2021
533,32,JAWA BARAT,3278,KOTA TASIKMALAYA,RUMAH SAKIT BERSALIN,0,UNIT,2021
534,32,JAWA BARAT,3278,KOTA TASIKMALAYA,PUSKESMAS,22,UNIT,2021
535,32,JAWA BARAT,3278,KOTA TASIKMALAYA,POSYANDU,890,UNIT,2021
536,32,JAWA BARAT,3279,KOTA BANJAR,RUMAH SAKIT UMUM,4,UNIT,2021
537,32,JAWA BARAT,3279,KOTA BANJAR,RUMAH SAKIT KHUSUS,0,UNIT,2021
538,32,JAWA BARAT,3279,KOTA BANJAR,RUMAH SAKIT BERSALIN,0,UNIT,2021
539,32,JAWA BARAT,3279,KOTA BANJAR,PUSKESMAS,10,UNIT,2021
540,32,JAWA BARAT,3279,KOTA BANJAR,POSYANDU,200,UNIT,2021
541,32,JAWA BARAT,3201,KABUPATEN BOGOR,RUMAH SAKIT UMUM,26,UNIT,2022
542,32,JAWA BARAT,3201,KABUPATEN BOGOR,RUMAH SAKIT KHUSUS,3,UNIT,2022
543,32,JAWA BARAT,3201,KABUPATEN BOGOR,RUMAH SAKIT BERSALIN,0,UNIT,2022
544,32,JAWA BARAT,3201,KABUPATEN BOGOR,PUSKESMAS,101,UNIT,2022
545,32,JAWA BARAT,3201,KABUPATEN BOGOR,POSYANDU,5135,UNIT,2022
546,32,JAWA BARAT,3202,KABUPATEN SUKABUMI,RUMAH SAKIT UMUM,9,UNIT,2022
547,32,JAWA BARAT,3202,KABUPATEN SUKABUMI,RUMAH SAKIT KHUSUS,0,UNIT,2022
548,32,JAWA BARAT,3202,KABUPATEN SUKABUMI,RUMAH SAKIT BERSALIN,0,UNIT,2022
549,32,JAWA BARAT,3202,KABUPATEN SUKABUMI,PUSKESMAS,58,UNIT,2022
550,32,JAWA BARAT,3202,KABUPATEN SUKABUMI,POSYANDU,3514,UNIT,2022
551,32,JAWA BARAT,3203,KABUPATEN CIANJUR,RUMAH SAKIT UMUM,5,UNIT,2022
552,32,JAWA BARAT,3203,KABUPATEN CIANJUR,RUMAH SAKIT KHUSUS,0,UNIT,2022
553,32,JAWA BARAT,3203,KABUPATEN CIANJUR,RUMAH SAKIT BERSALIN,0,UNIT,2022
554,32,JAWA BARAT,3203,KABUPATEN CIANJUR,PUSKESMAS,47,UNIT,2022
555,32,JAWA BARAT,3203,KABUPATEN CIANJUR,POSYANDU,2929,UNIT,2022
556,32,JAWA BARAT,3204,KABUPATEN BANDUNG,RUMAH SAKIT UMUM,11,UNIT,2022
557,32,JAWA BARAT,3204,KABUPATEN BANDUNG,RUMAH SAKIT KHUSUS,0,UNIT,2022
558,32,JAWA BARAT,3204,KABUPATEN BANDUNG,RUMAH SAKIT BERSALIN,0,UNIT,2022
559,32,JAWA BARAT,3204,KABUPATEN BANDUNG,PUSKESMAS,62,UNIT,2022
560,32,JAWA BARAT,3204,KABUPATEN BANDUNG,POSYANDU,4349,UNIT,2022
561,32,JAWA BARAT,3205,KABUPATEN GARUT,RUMAH SAKIT UMUM,7,UNIT,2022
562,32,JAWA BARAT,3205,KABUPATEN GARUT,RUMAH SAKIT KHUSUS,0,UNIT,2022
563,32,JAWA BARAT,3205,KABUPATEN GARUT,RUMAH SAKIT BERSALIN,0,UNIT,2022
564,32,JAWA BARAT,3205,KABUPATEN GARUT,PUSKESMAS,67,UNIT,2022
565,32,JAWA BARAT,3205,KABUPATEN GARUT,POSYANDU,4304,UNIT,2022
566,32,JAWA BARAT,3206,KABUPATEN TASIKMALAYA,RUMAH SAKIT UMUM,1,UNIT,2022
567,32,JAWA BARAT,3206,KABUPATEN TASIKMALAYA,RUMAH SAKIT KHUSUS,1,UNIT,2022
568,32,JAWA BARAT,3206,KABUPATEN TASIKMALAYA,RUMAH SAKIT BERSALIN,0,UNIT,2022
569,32,JAWA BARAT,3206,KABUPATEN TASIKMALAYA,PUSKESMAS,40,UNIT,2022
570,32,JAWA BARAT,3206,KABUPATEN TASIKMALAYA,POSYANDU,2413,UNIT,2022
571,32,JAWA BARAT,3207,KABUPATEN CIAMIS,RUMAH SAKIT UMUM,5,UNIT,2022
572,32,JAWA BARAT,3207,KABUPATEN CIAMIS,RUMAH SAKIT KHUSUS,1,UNIT,2022
573,32,JAWA BARAT,3207,KABUPATEN CIAMIS,RUMAH SAKIT BERSALIN,0,UNIT,2022
574,32,JAWA BARAT,3207,KABUPATEN CIAMIS,PUSKESMAS,37,UNIT,2022
575,32,JAWA BARAT,3207,KABUPATEN CIAMIS,POSYANDU,1608,UNIT,2022
576,32,JAWA BARAT,3208,KABUPATEN KUNINGAN,RUMAH SAKIT UMUM,11,UNIT,2022
577,32,JAWA BARAT,3208,KABUPATEN KUNINGAN,RUMAH SAKIT KHUSUS,1,UNIT,2022
578,32,JAWA BARAT,3208,KABUPATEN KUNINGAN,RUMAH SAKIT BERSALIN,0,UNIT,2022
579,32,JAWA BARAT,3208,KABUPATEN KUNINGAN,PUSKESMAS,37,UNIT,2022
580,32,JAWA BARAT,3208,KABUPATEN KUNINGAN,POSYANDU,1435,UNIT,2022
581,32,JAWA BARAT,3209,KABUPATEN CIREBON,RUMAH SAKIT UMUM,10,UNIT,2022
582,32,JAWA BARAT,3209,KABUPATEN CIREBON,RUMAH SAKIT KHUSUS,2,UNIT,2022
583,32,JAWA BARAT,3209,KABUPATEN CIREBON,RUMAH SAKIT BERSALIN,0,UNIT,2022
584,32,JAWA BARAT,3209,KABUPATEN CIREBON,PUSKESMAS,60,UNIT,2022
585,32,JAWA BARAT,3209,KABUPATEN CIREBON,POSYANDU,2691,UNIT,2022
586,32,JAWA BARAT,3210,KABUPATEN MAJALENGKA,RUMAH SAKIT UMUM,3,UNIT,2022
587,32,JAWA BARAT,3210,KABUPATEN MAJALENGKA,RUMAH SAKIT KHUSUS,2,UNIT,2022
588,32,JAWA BARAT,3210,KABUPATEN MAJALENGKA,RUMAH SAKIT BERSALIN,0,UNIT,2022
589,32,JAWA BARAT,3210,KABUPATEN MAJALENGKA,PUSKESMAS,32,UNIT,2022
590,32,JAWA BARAT,3210,KABUPATEN MAJALENGKA,POSYANDU,1497,UNIT,2022
591,32,JAWA BARAT,3211,KABUPATEN SUMEDANG,RUMAH SAKIT UMUM,3,UNIT,2022
592,32,JAWA BARAT,3211,KABUPATEN SUMEDANG,RUMAH SAKIT KHUSUS,0,UNIT,2022
593,32,JAWA BARAT,3211,KABUPATEN SUMEDANG,RUMAH SAKIT BERSALIN,0,UNIT,2022
594,32,JAWA BARAT,3211,KABUPATEN SUMEDANG,PUSKESMAS,35,UNIT,2022
595,32,JAWA BARAT,3211,KABUPATEN SUMEDANG,POSYANDU,1704,UNIT,2022
596,32,JAWA BARAT,3212,KABUPATEN INDRAMAYU,RUMAH SAKIT UMUM,11,UNIT,2022
597,32,JAWA BARAT,3212,KABUPATEN INDRAMAYU,RUMAH SAKIT KHUSUS,1,UNIT,2022
598,32,JAWA BARAT,3212,KABUPATEN INDRAMAYU,RUMAH SAKIT BERSALIN,0,UNIT,2022
599,32,JAWA BARAT,3212,KABUPATEN INDRAMAYU,PUSKESMAS,49,UNIT,2022
600,32,JAWA BARAT,3212,KABUPATEN INDRAMAYU,POSYANDU,2346,UNIT,2022
601,32,JAWA BARAT,3213,KABUPATEN SUBANG,RUMAH SAKIT UMUM,9,UNIT,2022
602,32,JAWA BARAT,3213,KABUPATEN SUBANG,RUMAH SAKIT KHUSUS,1,UNIT,2022
603,32,JAWA BARAT,3213,KABUPATEN SUBANG,RUMAH SAKIT BERSALIN,0,UNIT,2022
604,32,JAWA BARAT,3213,KABUPATEN SUBANG,PUSKESMAS,40,UNIT,2022
605,32,JAWA BARAT,3213,KABUPATEN SUBANG,POSYANDU,1907,UNIT,2022
606,32,JAWA BARAT,3214,KABUPATEN PURWAKARTA,RUMAH SAKIT UMUM,9,UNIT,2022
607,32,JAWA BARAT,3214,KABUPATEN PURWAKARTA,RUMAH SAKIT KHUSUS,2,UNIT,2022
608,32,JAWA BARAT,3214,KABUPATEN PURWAKARTA,RUMAH SAKIT BERSALIN,0,UNIT,2022
609,32,JAWA BARAT,3214,KABUPATEN PURWAKARTA,PUSKESMAS,20,UNIT,2022
610,32,JAWA BARAT,3214,KABUPATEN PURWAKARTA,POSYANDU,1047,UNIT,2022
611,32,JAWA BARAT,3215,KABUPATEN KARAWANG,RUMAH SAKIT UMUM,23,UNIT,2022
612,32,JAWA BARAT,3215,KABUPATEN KARAWANG,RUMAH SAKIT KHUSUS,2,UNIT,2022
613,32,JAWA BARAT,3215,KABUPATEN KARAWANG,RUMAH SAKIT BERSALIN,0,UNIT,2022
614,32,JAWA BARAT,3215,KABUPATEN KARAWANG,PUSKESMAS,50,UNIT,2022
615,32,JAWA BARAT,3215,KABUPATEN KARAWANG,POSYANDU,2382,UNIT,2022
616,32,JAWA BARAT,3216,KABUPATEN BEKASI,RUMAH SAKIT UMUM,49,UNIT,2022
617,32,JAWA BARAT,3216,KABUPATEN BEKASI,RUMAH SAKIT KHUSUS,4,UNIT,2022
618,32,JAWA BARAT,3216,KABUPATEN BEKASI,RUMAH SAKIT BERSALIN,0,UNIT,2022
619,32,JAWA BARAT,3216,KABUPATEN BEKASI,PUSKESMAS,46,UNIT,2022
620,32,JAWA BARAT,3216,KABUPATEN BEKASI,POSYANDU,2482,UNIT,2022
621,32,JAWA BARAT,3217,KABUPATEN BANDUNG BARAT,RUMAH SAKIT UMUM,6,UNIT,2022
622,32,JAWA BARAT,3217,KABUPATEN BANDUNG BARAT,RUMAH SAKIT KHUSUS,3,UNIT,2022
623,32,JAWA BARAT,3217,KABUPATEN BANDUNG BARAT,RUMAH SAKIT BERSALIN,0,UNIT,2022
624,32,JAWA BARAT,3217,KABUPATEN BANDUNG BARAT,PUSKESMAS,32,UNIT,2022
625,32,JAWA BARAT,3217,KABUPATEN BANDUNG BARAT,POSYANDU,2340,UNIT,2022
626,32,JAWA BARAT,3218,KABUPATEN PANGANDARAN,RUMAH SAKIT UMUM,1,UNIT,2022
627,32,JAWA BARAT,3218,KABUPATEN PANGANDARAN,RUMAH SAKIT KHUSUS,0,UNIT,2022
628,32,JAWA BARAT,3218,KABUPATEN PANGANDARAN,RUMAH SAKIT BERSALIN,0,UNIT,2022
629,32,JAWA BARAT,3218,KABUPATEN PANGANDARAN,PUSKESMAS,15,UNIT,2022
630,32,JAWA BARAT,3218,KABUPATEN PANGANDARAN,POSYANDU,531,UNIT,2022
631,32,JAWA BARAT,3271,KOTA BOGOR,RUMAH SAKIT UMUM,17,UNIT,2022
632,32,JAWA BARAT,3271,KOTA BOGOR,RUMAH SAKIT KHUSUS,5,UNIT,2022
633,32,JAWA BARAT,3271,KOTA BOGOR,RUMAH SAKIT BERSALIN,0,UNIT,2022
634,32,JAWA BARAT,3271,KOTA BOGOR,PUSKESMAS,25,UNIT,2022
635,32,JAWA BARAT,3271,KOTA BOGOR,POSYANDU,980,UNIT,2022
636,32,JAWA BARAT,3272,KOTA SUKABUMI,RUMAH SAKIT UMUM,6,UNIT,2022
637,32,JAWA BARAT,3272,KOTA SUKABUMI,RUMAH SAKIT KHUSUS,0,UNIT,2022
638,32,JAWA BARAT,3272,KOTA SUKABUMI,RUMAH SAKIT BERSALIN,0,UNIT,2022
639,32,JAWA BARAT,3272,KOTA SUKABUMI,PUSKESMAS,15,UNIT,2022
640,32,JAWA BARAT,3272,KOTA SUKABUMI,POSYANDU,461,UNIT,2022
641,32,JAWA BARAT,3273,KOTA BANDUNG,RUMAH SAKIT UMUM,23,UNIT,2022
642,32,JAWA BARAT,3273,KOTA BANDUNG,RUMAH SAKIT KHUSUS,15,UNIT,2022
643,32,JAWA BARAT,3273,KOTA BANDUNG,RUMAH SAKIT BERSALIN,0,UNIT,2022
644,32,JAWA BARAT,3273,KOTA BANDUNG,PUSKESMAS,80,UNIT,2022
645,32,JAWA BARAT,3273,KOTA BANDUNG,POSYANDU,1992,UNIT,2022
646,32,JAWA BARAT,3274,KOTA CIREBON,RUMAH SAKIT UMUM,9,UNIT,2022
647,32,JAWA BARAT,3274,KOTA CIREBON,RUMAH SAKIT KHUSUS,1,UNIT,2022
648,32,JAWA BARAT,3274,KOTA CIREBON,RUMAH SAKIT BERSALIN,0,UNIT,2022
649,32,JAWA BARAT,3274,KOTA CIREBON,PUSKESMAS,22,UNIT,2022
650,32,JAWA BARAT,3274,KOTA CIREBON,POSYANDU,401,UNIT,2022
651,32,JAWA BARAT,3275,KOTA BEKASI,RUMAH SAKIT UMUM,43,UNIT,2022
652,32,JAWA BARAT,3275,KOTA BEKASI,RUMAH SAKIT KHUSUS,3,UNIT,2022
653,32,JAWA BARAT,3275,KOTA BEKASI,RUMAH SAKIT BERSALIN,0,UNIT,2022
654,32,JAWA BARAT,3275,KOTA BEKASI,PUSKESMAS,48,UNIT,2022
655,32,JAWA BARAT,3275,KOTA BEKASI,POSYANDU,1614,UNIT,2022
656,32,JAWA BARAT,3276,KOTA DEPOK,RUMAH SAKIT UMUM,22,UNIT,2022
657,32,JAWA BARAT,3276,KOTA DEPOK,RUMAH SAKIT KHUSUS,4,UNIT,2022
658,32,JAWA BARAT,3276,KOTA DEPOK,RUMAH SAKIT BERSALIN,0,UNIT,2022
659,32,JAWA BARAT,3276,KOTA DEPOK,PUSKESMAS,38,UNIT,2022
660,32,JAWA BARAT,3276,KOTA DEPOK,POSYANDU,1049,UNIT,2022
661,32,JAWA BARAT,3277,KOTA CIMAHI,RUMAH SAKIT UMUM,7,UNIT,2022
662,32,JAWA BARAT,3277,KOTA CIMAHI,RUMAH SAKIT KHUSUS,1,UNIT,2022
663,32,JAWA BARAT,3277,KOTA CIMAHI,RUMAH SAKIT BERSALIN,0,UNIT,2022
664,32,JAWA BARAT,3277,KOTA CIMAHI,PUSKESMAS,13,UNIT,2022
665,32,JAWA BARAT,3277,KOTA CIMAHI,POSYANDU,410,UNIT,2022
666,32,JAWA BARAT,3278,KOTA TASIKMALAYA,RUMAH SAKIT UMUM,8,UNIT,2022
667,32,JAWA BARAT,3278,KOTA TASIKMALAYA,RUMAH SAKIT KHUSUS,5,UNIT,2022
668,32,JAWA BARAT,3278,KOTA TASIKMALAYA,RUMAH SAKIT BERSALIN,0,UNIT,2022
669,32,JAWA BARAT,3278,KOTA TASIKMALAYA,PUSKESMAS,22,UNIT,2022
670,32,JAWA BARAT,3278,KOTA TASIKMALAYA,POSYANDU,894,UNIT,2022
671,32,JAWA BARAT,3279,KOTA BANJAR,RUMAH SAKIT UMUM,4,UNIT,2022
672,32,JAWA BARAT,3279,KOTA BANJAR,RUMAH SAKIT KHUSUS,0,UNIT,2022
673,32,JAWA BARAT,3279,KOTA BANJAR,RUMAH SAKIT BERSALIN,0,UNIT,2022
674,32,JAWA BARAT,3279,KOTA BANJAR,PUSKESMAS,10,UNIT,2022
675,32,JAWA BARAT,3279,KOTA BANJAR,POSYANDU,200,UNIT,2022
676,32,JAWA BARAT,3201,KABUPATEN BOGOR,RUMAH SAKIT UMUM,27,UNIT,2023
677,32,JAWA BARAT,3201,KABUPATEN BOGOR,RUMAH SAKIT KHUSUS,4,UNIT,2023
678,32,JAWA BARAT,3201,KABUPATEN BOGOR,RUMAH SAKIT BERSALIN,0,UNIT,2023
679,32,JAWA BARAT,3201,KABUPATEN BOGOR,PUSKESMAS,101,UNIT,2023
680,32,JAWA BARAT,3201,KABUPATEN BOGOR,POSYANDU,5141,UNIT,2023
681,32,JAWA BARAT,3202,KABUPATEN SUKABUMI,RUMAH SAKIT UMUM,9,UNIT,2023
682,32,JAWA BARAT,3202,KABUPATEN SUKABUMI,RUMAH SAKIT KHUSUS,0,UNIT,2023
683,32,JAWA BARAT,3202,KABUPATEN SUKABUMI,RUMAH SAKIT BERSALIN,0,UNIT,2023
684,32,JAWA BARAT,3202,KABUPATEN SUKABUMI,PUSKESMAS,58,UNIT,2023
685,32,JAWA BARAT,3202,KABUPATEN SUKABUMI,POSYANDU,3680,UNIT,2023
686,32,JAWA BARAT,3203,KABUPATEN CIANJUR,RUMAH SAKIT UMUM,5,UNIT,2023
687,32,JAWA BARAT,3203,KABUPATEN CIANJUR,RUMAH SAKIT KHUSUS,0,UNIT,2023
688,32,JAWA BARAT,3203,KABUPATEN CIANJUR,RUMAH SAKIT BERSALIN,0,UNIT,2023
689,32,JAWA BARAT,3203,KABUPATEN CIANJUR,PUSKESMAS,47,UNIT,2023
690,32,JAWA BARAT,3203,KABUPATEN CIANJUR,POSYANDU,2945,UNIT,2023
691,32,JAWA BARAT,3204,KABUPATEN BANDUNG,RUMAH SAKIT UMUM,11,UNIT,2023
692,32,JAWA BARAT,3204,KABUPATEN BANDUNG,RUMAH SAKIT KHUSUS,0,UNIT,2023
693,32,JAWA BARAT,3204,KABUPATEN BANDUNG,RUMAH SAKIT BERSALIN,0,UNIT,2023
694,32,JAWA BARAT,3204,KABUPATEN BANDUNG,PUSKESMAS,62,UNIT,2023
695,32,JAWA BARAT,3204,KABUPATEN BANDUNG,POSYANDU,4350,UNIT,2023
696,32,JAWA BARAT,3205,KABUPATEN GARUT,RUMAH SAKIT UMUM,8,UNIT,2023
697,32,JAWA BARAT,3205,KABUPATEN GARUT,RUMAH SAKIT KHUSUS,0,UNIT,2023
698,32,JAWA BARAT,3205,KABUPATEN GARUT,RUMAH SAKIT BERSALIN,0,UNIT,2023
699,32,JAWA BARAT,3205,KABUPATEN GARUT,PUSKESMAS,67,UNIT,2023
700,32,JAWA BARAT,3205,KABUPATEN GARUT,POSYANDU,4334,UNIT,2023
701,32,JAWA BARAT,3206,KABUPATEN TASIKMALAYA,RUMAH SAKIT UMUM,1,UNIT,2023
702,32,JAWA BARAT,3206,KABUPATEN TASIKMALAYA,RUMAH SAKIT KHUSUS,1,UNIT,2023
703,32,JAWA BARAT,3206,KABUPATEN TASIKMALAYA,RUMAH SAKIT BERSALIN,0,UNIT,2023
704,32,JAWA BARAT,3206,KABUPATEN TASIKMALAYA,PUSKESMAS,40,UNIT,2023
705,32,JAWA BARAT,3206,KABUPATEN TASIKMALAYA,POSYANDU,2392,UNIT,2023
706,32,JAWA BARAT,3207,KABUPATEN CIAMIS,RUMAH SAKIT UMUM,5,UNIT,2023
707,32,JAWA BARAT,3207,KABUPATEN CIAMIS,RUMAH SAKIT KHUSUS,1,UNIT,2023
708,32,JAWA BARAT,3207,KABUPATEN CIAMIS,RUMAH SAKIT BERSALIN,0,UNIT,2023
709,32,JAWA BARAT,3207,KABUPATEN CIAMIS,PUSKESMAS,37,UNIT,2023
710,32,JAWA BARAT,3207,KABUPATEN CIAMIS,POSYANDU,1612,UNIT,2023
711,32,JAWA BARAT,3208,KABUPATEN KUNINGAN,RUMAH SAKIT UMUM,11,UNIT,2023
712,32,JAWA BARAT,3208,KABUPATEN KUNINGAN,RUMAH SAKIT KHUSUS,1,UNIT,2023
713,32,JAWA BARAT,3208,KABUPATEN KUNINGAN,RUMAH SAKIT BERSALIN,0,UNIT,2023
714,32,JAWA BARAT,3208,KABUPATEN KUNINGAN,PUSKESMAS,37,UNIT,2023
715,32,JAWA BARAT,3208,KABUPATEN KUNINGAN,POSYANDU,1436,UNIT,2023
716,32,JAWA BARAT,3209,KABUPATEN CIREBON,RUMAH SAKIT UMUM,10,UNIT,2023
717,32,JAWA BARAT,3209,KABUPATEN CIREBON,RUMAH SAKIT KHUSUS,2,UNIT,2023
718,32,JAWA BARAT,3209,KABUPATEN CIREBON,RUMAH SAKIT BERSALIN,0,UNIT,2023
719,32,JAWA BARAT,3209,KABUPATEN CIREBON,PUSKESMAS,60,UNIT,2023
720,32,JAWA BARAT,3209,KABUPATEN CIREBON,POSYANDU,2706,UNIT,2023
721,32,JAWA BARAT,3210,KABUPATEN MAJALENGKA,RUMAH SAKIT UMUM,5,UNIT,2023
722,32,JAWA BARAT,3210,KABUPATEN MAJALENGKA,RUMAH SAKIT KHUSUS,1,UNIT,2023
723,32,JAWA BARAT,3210,KABUPATEN MAJALENGKA,RUMAH SAKIT BERSALIN,0,UNIT,2023
724,32,JAWA BARAT,3210,KABUPATEN MAJALENGKA,PUSKESMAS,32,UNIT,2023
725,32,JAWA BARAT,3210,KABUPATEN MAJALENGKA,POSYANDU,1503,UNIT,2023
726,32,JAWA BARAT,3211,KABUPATEN SUMEDANG,RUMAH SAKIT UMUM,3,UNIT,2023
727,32,JAWA BARAT,3211,KABUPATEN SUMEDANG,RUMAH SAKIT KHUSUS,0,UNIT,2023
728,32,JAWA BARAT,3211,KABUPATEN SUMEDANG,RUMAH SAKIT BERSALIN,0,UNIT,2023
729,32,JAWA BARAT,3211,KABUPATEN SUMEDANG,PUSKESMAS,35,UNIT,2023
730,32,JAWA BARAT,3211,KABUPATEN SUMEDANG,POSYANDU,1713,UNIT,2023
731,32,JAWA BARAT,3212,KABUPATEN INDRAMAYU,RUMAH SAKIT UMUM,11,UNIT,2023
732,32,JAWA BARAT,3212,KABUPATEN INDRAMAYU,RUMAH SAKIT KHUSUS,1,UNIT,2023
733,32,JAWA BARAT,3212,KABUPATEN INDRAMAYU,RUMAH SAKIT BERSALIN,0,UNIT,2023
734,32,JAWA BARAT,3212,KABUPATEN INDRAMAYU,PUSKESMAS,49,UNIT,2023
735,32,JAWA BARAT,3212,KABUPATEN INDRAMAYU,POSYANDU,2363,UNIT,2023
736,32,JAWA BARAT,3213,KABUPATEN SUBANG,RUMAH SAKIT UMUM,10,UNIT,2023
737,32,JAWA BARAT,3213,KABUPATEN SUBANG,RUMAH SAKIT KHUSUS,1,UNIT,2023
738,32,JAWA BARAT,3213,KABUPATEN SUBANG,RUMAH SAKIT BERSALIN,0,UNIT,2023
739,32,JAWA BARAT,3213,KABUPATEN SUBANG,PUSKESMAS,40,UNIT,2023
740,32,JAWA BARAT,3213,KABUPATEN SUBANG,POSYANDU,1925,UNIT,2023
741,32,JAWA BARAT,3214,KABUPATEN PURWAKARTA,RUMAH SAKIT UMUM,9,UNIT,2023
742,32,JAWA BARAT,3214,KABUPATEN PURWAKARTA,RUMAH SAKIT KHUSUS,2,UNIT,2023
743,32,JAWA BARAT,3214,KABUPATEN PURWAKARTA,RUMAH SAKIT BERSALIN,0,UNIT,2023
744,32,JAWA BARAT,3214,KABUPATEN PURWAKARTA,PUSKESMAS,20,UNIT,2023
745,32,JAWA BARAT,3214,KABUPATEN PURWAKARTA,POSYANDU,1050,UNIT,2023
746,32,JAWA BARAT,3215,KABUPATEN KARAWANG,RUMAH SAKIT UMUM,24,UNIT,2023
747,32,JAWA BARAT,3215,KABUPATEN KARAWANG,RUMAH SAKIT KHUSUS,2,UNIT,2023
748,32,JAWA BARAT,3215,KABUPATEN KARAWANG,RUMAH SAKIT BERSALIN,0,UNIT,2023
749,32,JAWA BARAT,3215,KABUPATEN KARAWANG,PUSKESMAS,50,UNIT,2023
750,32,JAWA BARAT,3215,KABUPATEN KARAWANG,POSYANDU,2375,UNIT,2023
751,32,JAWA BARAT,3216,KABUPATEN BEKASI,RUMAH SAKIT UMUM,50,UNIT,2023
752,32,JAWA BARAT,3216,KABUPATEN BEKASI,RUMAH SAKIT KHUSUS,4,UNIT,2023
753,32,JAWA BARAT,3216,KABUPATEN BEKASI,RUMAH SAKIT BERSALIN,0,UNIT,2023
754,32,JAWA BARAT,3216,KABUPATEN BEKASI,PUSKESMAS,51,UNIT,2023
755,32,JAWA BARAT,3216,KABUPATEN BEKASI,POSYANDU,2883,UNIT,2023
756,32,JAWA BARAT,3217,KABUPATEN BANDUNG BARAT,RUMAH SAKIT UMUM,6,UNIT,2023
757,32,JAWA BARAT,3217,KABUPATEN BANDUNG BARAT,RUMAH SAKIT KHUSUS,3,UNIT,2023
758,32,JAWA BARAT,3217,KABUPATEN BANDUNG BARAT,RUMAH SAKIT BERSALIN,0,UNIT,2023
759,32,JAWA BARAT,3217,KABUPATEN BANDUNG BARAT,PUSKESMAS,32,UNIT,2023
760,32,JAWA BARAT,3217,KABUPATEN BANDUNG BARAT,POSYANDU,2340,UNIT,2023
761,32,JAWA BARAT,3218,KABUPATEN PANGANDARAN,RUMAH SAKIT UMUM,1,UNIT,2023
762,32,JAWA BARAT,3218,KABUPATEN PANGANDARAN,RUMAH SAKIT KHUSUS,0,UNIT,2023
763,32,JAWA BARAT,3218,KABUPATEN PANGANDARAN,RUMAH SAKIT BERSALIN,0,UNIT,2023
764,32,JAWA BARAT,3218,KABUPATEN PANGANDARAN,PUSKESMAS,15,UNIT,2023
765,32,JAWA BARAT,3218,KABUPATEN PANGANDARAN,POSYANDU,532,UNIT,2023
766,32,JAWA BARAT,3271,KOTA BOGOR,RUMAH SAKIT UMUM,18,UNIT,2023
767,32,JAWA BARAT,3271,KOTA BOGOR,RUMAH SAKIT KHUSUS,4,UNIT,2023
768,32,JAWA BARAT,3271,KOTA BOGOR,RUMAH SAKIT BERSALIN,0,UNIT,2023
769,32,JAWA BARAT,3271,KOTA BOGOR,PUSKESMAS,25,UNIT,2023
770,32,JAWA BARAT,3271,KOTA BOGOR,POSYANDU,982,UNIT,2023
771,32,JAWA BARAT,3272,KOTA SUKABUMI,RUMAH SAKIT UMUM,6,UNIT,2023
772,32,JAWA BARAT,3272,KOTA SUKABUMI,RUMAH SAKIT KHUSUS,0,UNIT,2023
773,32,JAWA BARAT,3272,KOTA SUKABUMI,RUMAH SAKIT BERSALIN,0,UNIT,2023
774,32,JAWA BARAT,3272,KOTA SUKABUMI,PUSKESMAS,15,UNIT,2023
775,32,JAWA BARAT,3272,KOTA SUKABUMI,POSYANDU,461,UNIT,2023
776,32,JAWA BARAT,3273,KOTA BANDUNG,RUMAH SAKIT UMUM,26,UNIT,2023
777,32,JAWA BARAT,3273,KOTA BANDUNG,RUMAH SAKIT KHUSUS,15,UNIT,2023
778,32,JAWA BARAT,3273,KOTA BANDUNG,RUMAH SAKIT BERSALIN,0,UNIT,2023
779,32,JAWA BARAT,3273,KOTA BANDUNG,PUSKESMAS,80,UNIT,2023
780,32,JAWA BARAT,3273,KOTA BANDUNG,POSYANDU,1999,UNIT,2023
781,32,JAWA BARAT,3274,KOTA CIREBON,RUMAH SAKIT UMUM,9,UNIT,2023
782,32,JAWA BARAT,3274,KOTA CIREBON,RUMAH SAKIT KHUSUS,1,UNIT,2023
783,32,JAWA BARAT,3274,KOTA CIREBON,RUMAH SAKIT BERSALIN,0,UNIT,2023
784,32,JAWA BARAT,3274,KOTA CIREBON,PUSKESMAS,22,UNIT,2023
785,32,JAWA BARAT,3274,KOTA CIREBON,POSYANDU,345,UNIT,2023
786,32,JAWA BARAT,3275,KOTA BEKASI,RUMAH SAKIT UMUM,46,UNIT,2023
787,32,JAWA BARAT,3275,KOTA BEKASI,RUMAH SAKIT KHUSUS,2,UNIT,2023
788,32,JAWA BARAT,3275,KOTA BEKASI,RUMAH SAKIT BERSALIN,0,UNIT,2023
789,32,JAWA BARAT,3275,KOTA BEKASI,PUSKESMAS,48,UNIT,2023
790,32,JAWA BARAT,3275,KOTA BEKASI,POSYANDU,1615,UNIT,2023
791,32,JAWA BARAT,3276,KOTA DEPOK,RUMAH SAKIT UMUM,23,UNIT,2023
792,32,JAWA BARAT,3276,KOTA DEPOK,RUMAH SAKIT KHUSUS,4,UNIT,2023
793,32,JAWA BARAT,3276,KOTA DEPOK,RUMAH SAKIT BERSALIN,0,UNIT,2023
794,32,JAWA BARAT,3276,KOTA DEPOK,PUSKESMAS,38,UNIT,2023
795,32,JAWA BARAT,3276,KOTA DEPOK,POSYANDU,1063,UNIT,2023
796,32,JAWA BARAT,3277,KOTA CIMAHI,RUMAH SAKIT UMUM,7,UNIT,2023
797,32,JAWA BARAT,3277,KOTA CIMAHI,RUMAH SAKIT KHUSUS,1,UNIT,2023
798,32,JAWA BARAT,3277,KOTA CIMAHI,RUMAH SAKIT BERSALIN,0,UNIT,2023
799,32,JAWA BARAT,3277,KOTA CIMAHI,PUSKESMAS,13,UNIT,2023
800,32,JAWA BARAT,3277,KOTA CIMAHI,POSYANDU,411,UNIT,2023
801,32,JAWA BARAT,3278,KOTA TASIKMALAYA,RUMAH SAKIT UMUM,8,UNIT,2023
802,32,JAWA BARAT,3278,KOTA TASIKMALAYA,RUMAH SAKIT KHUSUS,6,UNIT,2023
803,32,JAWA BARAT,3278,KOTA TASIKMALAYA,RUMAH SAKIT BERSALIN,0,UNIT,2023
804,32,JAWA BARAT,3278,KOTA TASIKMALAYA,PUSKESMAS,22,UNIT,2023
805,32,JAWA BARAT,3278,KOTA TASIKMALAYA,POSYANDU,909,UNIT,2023
806,32,JAWA BARAT,3279,KOTA BANJAR,RUMAH SAKIT UMUM,2,UNIT,2023
807,32,JAWA BARAT,3279,KOTA BANJAR,RUMAH SAKIT KHUSUS,0,UNIT,2023
808,32,JAWA BARAT,3279,KOTA BANJAR,RUMAH SAKIT BERSALIN,0,UNIT,2023
809,32,JAWA BARAT,3279,KOTA BANJAR,PUSKESMAS,10,UNIT,2023
810,32,JAWA BARAT,3279,KOTA BANJAR,POSYANDU,200,UNIT,2023
